[NX v22.3.3 Daemon Server] - 2026-01-10T13:26:34.233Z - Started listening on: \\.\pipe\nx\C:\Users\mariu\AppData\Local\Temp\3ee5ff2b8d7f9cd48255\d.sock
[NX v22.3.3 Daemon Server] - 2026-01-10T13:26:34.234Z - [WATCHER]: Subscribed to changes within: C:\Users\mariu\WebstormProjects\Sideboard (native)
[NX v22.3.3 Daemon Server] - 2026-01-10T13:26:34.235Z - [NX-CONSOLE]: Pulling latest Nx (latest) to check console status...
Fetching nx...
Time for 'plugin worker 79084 code loading' 4.047499999999999
[NX v22.3.3 Daemon Server] - 2026-01-10T13:26:34.519Z - Established a connection. Number of open connections: 1
[NX v22.3.3 Daemon Server] - 2026-01-10T13:26:34.519Z - Established a connection. Number of open connections: 2
[NX v22.3.3 Daemon Server] - 2026-01-10T13:26:34.520Z - Closed a connection. Number of open connections: 1
Time for 'plugin worker 81244 code loading' 4.696899999999999
Time for 'plugin worker 68508 code loading' 4.547000000000001
Time for 'plugin worker 76024 code loading' 3.6845
Time for 'plugin worker 15616 code loading' 3.847999999999999
Time for 'plugin worker 40192 code loading' 5.907399999999999
Time for 'plugin worker 80884 code loading' 5.7758
[NX v22.3.3 Daemon Server] - 2026-01-10T13:26:34.590Z - Received raw message of length 32
[NX v22.3.3 Daemon Server] - 2026-01-10T13:26:34.590Z - Received json message of type GET_NX_CONSOLE_STATUS
[NX v22.3.3 Daemon Server] - 2026-01-10T13:26:34.591Z - Serializing response for GET_NX_CONSOLE_STATUS message in json mode
[NX v22.3.3 Daemon Server] - 2026-01-10T13:26:34.591Z - Responding to GET_NX_CONSOLE_STATUS message
[NX v22.3.3 Daemon Server] - 2026-01-10T13:26:34.591Z - [REQUEST]: Responding to the client. handleGetNxConsoleStatus
[NX v22.3.3 Daemon Server] - 2026-01-10T13:26:34.591Z - Done responding to the client handleGetNxConsoleStatus
[NX v22.3.3 Daemon Server] - 2026-01-10T13:26:34.591Z - Handled json message GET_NX_CONSOLE_STATUS. Handling time: 0. Response time: 0.
[NX v22.3.3 Daemon Server] - 2026-01-10T13:26:34.688Z - Received raw message of length 32
[NX v22.3.3 Daemon Server] - 2026-01-10T13:26:34.688Z - Received json message of type REQUEST_PROJECT_GRAPH
[NX v22.3.3 Daemon Server] - 2026-01-10T13:26:34.688Z - [REQUEST]: Client Request for Project Graph Received
[NX v22.3.3 Daemon Server] - 2026-01-10T13:26:34.792Z - Time taken for 'Load Nx Plugin: C:\Users\mariu\WebstormProjects\Sideboard\node_modules\nx\src\plugins\package-json' 317.12239999999997ms
[NX v22.3.3 Daemon Server] - 2026-01-10T13:26:34.808Z - Time taken for 'Load Nx Plugin: C:\Users\mariu\WebstormProjects\Sideboard\node_modules\nx\src\plugins\js' 334.1489ms
[NX v22.3.3 Daemon Server] - 2026-01-10T13:26:34.815Z - Time taken for 'loadDefaultNxPlugins' 341.0176000000001ms
[NX v22.3.3 Daemon Server] - 2026-01-10T13:26:34.958Z - Time taken for 'Load Nx Plugin: @nx/jest/plugin' 480.01460000000003ms
[NX v22.3.3 Daemon Server] - 2026-01-10T13:26:35.029Z - Time taken for 'Load Nx Plugin: @nx/playwright/plugin' 553.3491999999999ms
[NX v22.3.3 Daemon Server] - 2026-01-10T13:26:35.030Z - Time taken for 'Load Nx Plugin: @nx/eslint/plugin' 553.2892999999999ms
[NX v22.3.3 Daemon Server] - 2026-01-10T13:26:35.051Z - [REQUEST]: Updated workspace context based on watched changes, recomputing project graph...
[NX v22.3.3 Daemon Server] - 2026-01-10T13:26:35.051Z - [REQUEST]: 
[NX v22.3.3 Daemon Server] - 2026-01-10T13:26:35.051Z - [REQUEST]: 
[NX v22.3.3 Daemon Server] - 2026-01-10T13:26:35.054Z - Reusing in-memory cached project graph because no files changed.
[NX v22.3.3 Daemon Server] - 2026-01-10T13:26:35.060Z - Time taken for 'loadSpecifiedNxPlugins' 574.6450000000001ms
[NX v22.3.3 Daemon Server] - 2026-01-10T13:26:35.061Z - Established a connection. Number of open connections: 2
[NX v22.3.3 Daemon Server] - 2026-01-10T13:26:35.061Z - Established a connection. Number of open connections: 3
[NX v22.3.3 Daemon Server] - 2026-01-10T13:26:35.061Z - Closed a connection. Number of open connections: 2
Time for 'nx/core/project-json:createNodes' 0.8432999999999993
[NX v22.3.3 Daemon Server] - 2026-01-10T13:26:35.062Z - Established a connection. Number of open connections: 3
[NX v22.3.3 Daemon Server] - 2026-01-10T13:26:35.062Z - Closed a connection. Number of open connections: 2
[NX v22.3.3 Daemon Server] - 2026-01-10T13:26:35.062Z - Established a connection. Number of open connections: 3
[NX v22.3.3 Daemon Server] - 2026-01-10T13:26:35.063Z - Established a connection. Number of open connections: 4
[NX v22.3.3 Daemon Server] - 2026-01-10T13:26:35.063Z - Closed a connection. Number of open connections: 3
[NX v22.3.3 Daemon Server] - 2026-01-10T13:26:35.064Z - Established a connection. Number of open connections: 4
[NX v22.3.3 Daemon Server] - 2026-01-10T13:26:35.064Z - Established a connection. Number of open connections: 5
[NX v22.3.3 Daemon Server] - 2026-01-10T13:26:35.065Z - Closed a connection. Number of open connections: 4
[NX v22.3.3 Daemon Server] - 2026-01-10T13:26:35.066Z - Established a connection. Number of open connections: 5
Time for 'nx/core/package-json:createNodes' 5.392600000000016
Time for 'nx/js/dependencies-and-lockfile:createNodes' 9.580400000000054
Time for 'daemon-message-serialization-HASH_GLOB' 0.14869999999996253
Time for 'daemon-message-serialization-GLOB' 0.09600000000000364
[NX v22.3.3 Daemon Server] - 2026-01-10T13:26:35.499Z - Received raw message of length 72
[NX v22.3.3 Daemon Server] - 2026-01-10T13:26:35.499Z - Received json message of type HASH_GLOB
[NX v22.3.3 Daemon Server] - 2026-01-10T13:26:35.500Z - Serializing response for HASH_GLOB message in json mode
[NX v22.3.3 Daemon Server] - 2026-01-10T13:26:35.500Z - Responding to HASH_GLOB message
[NX v22.3.3 Daemon Server] - 2026-01-10T13:26:35.500Z - [REQUEST]: Responding to the client. handleHashGlob
[NX v22.3.3 Daemon Server] - 2026-01-10T13:26:35.502Z - Received raw message of length 73
[NX v22.3.3 Daemon Server] - 2026-01-10T13:26:35.502Z - Received json message of type GLOB
[NX v22.3.3 Daemon Server] - 2026-01-10T13:26:35.503Z - Serializing response for GLOB message in json mode
[NX v22.3.3 Daemon Server] - 2026-01-10T13:26:35.503Z - Responding to GLOB message
[NX v22.3.3 Daemon Server] - 2026-01-10T13:26:35.503Z - [REQUEST]: Responding to the client. handleGlob
[NX v22.3.3 Daemon Server] - 2026-01-10T13:26:35.503Z - Done responding to the client handleHashGlob
[NX v22.3.3 Daemon Server] - 2026-01-10T13:26:35.503Z - Handled json message HASH_GLOB. Handling time: 1. Response time: 3.
[NX v22.3.3 Daemon Server] - 2026-01-10T13:26:35.503Z - Done responding to the client handleGlob
[NX v22.3.3 Daemon Server] - 2026-01-10T13:26:35.503Z - Handled json message GLOB. Handling time: 1. Response time: 0.
Time for 'GLOB round trip' 6.454399999999964
Time for 'deserialize daemon response - GLOB' 0.09799999999995634
Time for 'daemon-message-serialization-HASH_MULTI_GLOB' 0.039800000000013824
[NX v22.3.3 Daemon Server] - 2026-01-10T13:26:35.507Z - Received raw message of length 586
[NX v22.3.3 Daemon Server] - 2026-01-10T13:26:35.507Z - Received json message of type HASH_MULTI_GLOB
[NX v22.3.3 Daemon Server] - 2026-01-10T13:26:35.514Z - Serializing response for HASH_GLOB message in json mode
[NX v22.3.3 Daemon Server] - 2026-01-10T13:26:35.515Z - Responding to HASH_GLOB message
[NX v22.3.3 Daemon Server] - 2026-01-10T13:26:35.515Z - [REQUEST]: Responding to the client. handleHashMultiGlob
[NX v22.3.3 Daemon Server] - 2026-01-10T13:26:35.515Z - Done responding to the client handleHashMultiGlob
[NX v22.3.3 Daemon Server] - 2026-01-10T13:26:35.515Z - Handled json message HASH_GLOB. Handling time: 7. Response time: 1.
Time for 'daemon-message-serialization-HASH_MULTI_GLOB' 0.11539999999990869
[NX v22.3.3 Daemon Server] - 2026-01-10T13:26:35.528Z - Received raw message of length 60
[NX v22.3.3 Daemon Server] - 2026-01-10T13:26:35.528Z - Received json message of type HASH_MULTI_GLOB
[NX v22.3.3 Daemon Server] - 2026-01-10T13:26:35.529Z - Serializing response for HASH_GLOB message in json mode
[NX v22.3.3 Daemon Server] - 2026-01-10T13:26:35.529Z - Responding to HASH_GLOB message
[NX v22.3.3 Daemon Server] - 2026-01-10T13:26:35.529Z - [REQUEST]: Responding to the client. handleHashMultiGlob
[NX v22.3.3 Daemon Server] - 2026-01-10T13:26:35.529Z - Done responding to the client handleHashMultiGlob
[NX v22.3.3 Daemon Server] - 2026-01-10T13:26:35.529Z - Handled json message HASH_GLOB. Handling time: 1. Response time: 0.
Time for 'daemon-message-serialization-HASH_GLOB' 0.08719999999993888
[NX v22.3.3 Daemon Server] - 2026-01-10T13:26:35.541Z - Received raw message of length 67
[NX v22.3.3 Daemon Server] - 2026-01-10T13:26:35.541Z - Received json message of type HASH_GLOB
[NX v22.3.3 Daemon Server] - 2026-01-10T13:26:35.542Z - Serializing response for HASH_GLOB message in json mode
[NX v22.3.3 Daemon Server] - 2026-01-10T13:26:35.542Z - Responding to HASH_GLOB message
[NX v22.3.3 Daemon Server] - 2026-01-10T13:26:35.542Z - [REQUEST]: Responding to the client. handleHashGlob
[NX v22.3.3 Daemon Server] - 2026-01-10T13:26:35.542Z - Done responding to the client handleHashGlob
[NX v22.3.3 Daemon Server] - 2026-01-10T13:26:35.542Z - Handled json message HASH_GLOB. Handling time: 1. Response time: 0.
Time for 'HASH_MULTI_GLOB round trip' 10.051499999999919
Time for 'deserialize daemon response - HASH_MULTI_GLOB' 0.05609999999990123
Time for '@nx/jest/plugin:createNodes' 697.1709999999999
Time for 'HASH_MULTI_GLOB round trip' 4.357300000000009
Time for 'deserialize daemon response - HASH_MULTI_GLOB' 0.05259999999998399
Time for '@nx/webpack/plugin:createNodes' 876.2459
Time for 'HASH_GLOB round trip' 3.205100000000016
Time for 'deserialize daemon response - HASH_GLOB' 0.06749999999999545
Time for 'HASH_GLOB round trip' 4.914499999999975
Time for 'deserialize daemon response - HASH_GLOB' 0.08900000000005548
Time for 'daemon-message-serialization-GET_FILES_IN_DIRECTORY' 0.015499999999974534
[NX v22.3.3 Daemon Server] - 2026-01-10T13:26:36.301Z - Received raw message of length 58
[NX v22.3.3 Daemon Server] - 2026-01-10T13:26:36.301Z - Received json message of type GET_FILES_IN_DIRECTORY
[NX v22.3.3 Daemon Server] - 2026-01-10T13:26:36.301Z - Serializing response for GET_FILES_IN_DIRECTORY message in json mode
[NX v22.3.3 Daemon Server] - 2026-01-10T13:26:36.301Z - Responding to GET_FILES_IN_DIRECTORY message
[NX v22.3.3 Daemon Server] - 2026-01-10T13:26:36.301Z - [REQUEST]: Responding to the client. handleNxWorkspaceFiles
[NX v22.3.3 Daemon Server] - 2026-01-10T13:26:36.301Z - Done responding to the client handleNxWorkspaceFiles
[NX v22.3.3 Daemon Server] - 2026-01-10T13:26:36.301Z - Handled json message GET_FILES_IN_DIRECTORY. Handling time: 0. Response time: 0.
Time for '@nx/playwright/plugin:createNodes' 1247.5061
Time for 'GET_FILES_IN_DIRECTORY round trip' 1.977600000000166
Time for 'deserialize daemon response - GET_FILES_IN_DIRECTORY' 0.012100000000145883
Time for '@nx/eslint/plugin:createNodes' 1676.8096
Unable to find local plugin [] Map(0) {}
[NX v22.3.3 Daemon Server] - 2026-01-10T13:26:36.774Z - Time taken for 'build-project-configs' 1699.0164000000002ms
Time for 'build typescript dependencies' 12.756400000000212
[NX v22.3.3 Daemon Server] - 2026-01-10T13:26:36.807Z - [SYNC]: collect registered sync generators
[NX v22.3.3 Daemon Server] - 2026-01-10T13:26:36.815Z - Wrote project graph cache to C:\Users\mariu\WebstormProjects\Sideboard\.nx\workspace-data\project-graph.json
[NX v22.3.3 Daemon Server] - 2026-01-10T13:26:36.815Z - Serializing response for REQUEST_PROJECT_GRAPH message in json mode
[NX v22.3.3 Daemon Server] - 2026-01-10T13:26:36.816Z - Responding to REQUEST_PROJECT_GRAPH message
[NX v22.3.3 Daemon Server] - 2026-01-10T13:26:36.816Z - [REQUEST]: Responding to the client. project-graph
[NX v22.3.3 Daemon Server] - 2026-01-10T13:26:36.817Z - Time taken for 'total for creating and serializing project graph' 2127.2833ms
[NX v22.3.3 Daemon Server] - 2026-01-10T13:26:36.817Z - Done responding to the client project-graph
[NX v22.3.3 Daemon Server] - 2026-01-10T13:26:36.817Z - Handled json message REQUEST_PROJECT_GRAPH. Handling time: 2127. Response time: 2.
[NX v22.3.3 Daemon Server] - 2026-01-10T13:26:36.823Z - Received raw message of length 1261
[NX v22.3.3 Daemon Server] - 2026-01-10T13:26:36.823Z - Received json message of type PRE_TASKS_EXECUTION
[NX v22.3.3 Daemon Server] - 2026-01-10T13:26:36.824Z - Serializing response for PRE_TASKS_EXECUTION message in json mode
[NX v22.3.3 Daemon Server] - 2026-01-10T13:26:36.824Z - Responding to PRE_TASKS_EXECUTION message
[NX v22.3.3 Daemon Server] - 2026-01-10T13:26:36.824Z - [REQUEST]: Responding to the client. handleRunPreTasksExecution
[NX v22.3.3 Daemon Server] - 2026-01-10T13:26:36.824Z - Time taken for 'preTasksExecution' 0.948699999999917ms
[NX v22.3.3 Daemon Server] - 2026-01-10T13:26:36.824Z - Done responding to the client handleRunPreTasksExecution
[NX v22.3.3 Daemon Server] - 2026-01-10T13:26:36.825Z - Handled json message PRE_TASKS_EXECUTION. Handling time: 1. Response time: 1.
[NX v22.3.3 Daemon Server] - 2026-01-10T13:26:36.877Z - Received raw message of length 5703
[NX v22.3.3 Daemon Server] - 2026-01-10T13:26:36.877Z - Received json message of type HASH_TASKS
[NX v22.3.3 Daemon Server] - 2026-01-10T13:26:36.878Z - Reusing in-memory cached project graph because no files changed.
[NX v22.3.3 Daemon Server] - 2026-01-10T13:26:36.885Z - Wrote project graph cache to C:\Users\mariu\WebstormProjects\Sideboard\.nx\workspace-data\project-graph.json
DEBUG nx::native::tasks::hash_planner: get_plans_internal COMPLETED in 3.2405ms - processed 1 tasks (setup: 2.8145ms, parallel_planning: 419.5µs)
DEBUG nx::native::tasks::hashers::hash_workspace_files: Hashing workspace fileset{cache_key="nx.json,.gitignore,.nxignore"}: Adding "16220110815332185737" (".gitignore") to hash
DEBUG nx::native::tasks::hashers::hash_workspace_files: Hashing workspace fileset{cache_key="nx.json,.gitignore,.nxignore"}: Adding "9691923261939552420" ("nx.json") to hash
DEBUG nx::native::tasks::hashers::hash_workspace_files: Hashing workspace fileset{cache_key="nx.json,.gitignore,.nxignore"}: Hash Value: "5666588748370749329"
DEBUG nx::native::tasks::task_hasher: hash_plans COMPLETED in 2.2718ms - processed 1 plans (setup: 244.1µs, hashing: 2.0253ms, assembly: 1.2622ms)
[NX v22.3.3 Daemon Server] - 2026-01-10T13:26:36.898Z - Serializing response for HASH_TASKS message in json mode
[NX v22.3.3 Daemon Server] - 2026-01-10T13:26:36.898Z - Responding to HASH_TASKS message
[NX v22.3.3 Daemon Server] - 2026-01-10T13:26:36.898Z - [REQUEST]: Responding to the client. handleHashTasks
[NX v22.3.3 Daemon Server] - 2026-01-10T13:26:36.898Z - Time taken for 'write cache' 7.555399999999736ms
[NX v22.3.3 Daemon Server] - 2026-01-10T13:26:36.899Z - Done responding to the client handleHashTasks
[NX v22.3.3 Daemon Server] - 2026-01-10T13:26:36.899Z - Handled json message HASH_TASKS. Handling time: 21. Response time: 1.
[NX v22.3.3 Daemon Server] - 2026-01-10T13:26:36.909Z - Received raw message of length 88
[NX v22.3.3 Daemon Server] - 2026-01-10T13:26:36.910Z - Received json message of type GET_ESTIMATED_TASK_TIMINGS
[NX v22.3.3 Daemon Server] - 2026-01-10T13:26:36.912Z - Serializing response for GET_ESTIMATED_TASK_TIMINGS message in json mode
[NX v22.3.3 Daemon Server] - 2026-01-10T13:26:36.912Z - Responding to GET_ESTIMATED_TASK_TIMINGS message
[NX v22.3.3 Daemon Server] - 2026-01-10T13:26:36.912Z - [REQUEST]: Responding to the client. handleGetEstimatedTaskTimings
[NX v22.3.3 Daemon Server] - 2026-01-10T13:26:36.912Z - Done responding to the client handleGetEstimatedTaskTimings
[NX v22.3.3 Daemon Server] - 2026-01-10T13:26:36.912Z - Handled json message GET_ESTIMATED_TASK_TIMINGS. Handling time: 2. Response time: 0.
[NX v22.3.3 Daemon Server] - 2026-01-10T13:26:38.640Z - [NX-CONSOLE]: Successfully pulled latest Nx to C:\Users\mariu\AppData\Local\Temp\tmp-69236-YS0vdJUaMj1w
[NX v22.3.3 Daemon Server] - 2026-01-10T13:26:39.981Z - [NX-CONSOLE]: Using local implementation (NX_USE_LOCAL=true or inner call)
DEBUG nx::native::ide::install: Detected editor: Unknown
[NX v22.3.3 Daemon Server] - 2026-01-10T13:26:39.982Z - [NX-CONSOLE]: Console status check completed, shouldPrompt: false
[NX v22.3.3 Daemon Server] - 2026-01-10T13:27:07.028Z - Received raw message of length 81
[NX v22.3.3 Daemon Server] - 2026-01-10T13:27:07.028Z - Received json message of type RECORD_OUTPUTS_HASH
[NX v22.3.3 Daemon Server] - 2026-01-10T13:27:07.028Z - Serializing response for RECORD_OUTPUTS_HASH message in json mode
[NX v22.3.3 Daemon Server] - 2026-01-10T13:27:07.028Z - Responding to RECORD_OUTPUTS_HASH message
[NX v22.3.3 Daemon Server] - 2026-01-10T13:27:07.028Z - [REQUEST]: Responding to the client. recordOutputsHash
[NX v22.3.3 Daemon Server] - 2026-01-10T13:27:07.028Z - Done responding to the client recordOutputsHash
[NX v22.3.3 Daemon Server] - 2026-01-10T13:27:07.028Z - Handled json message RECORD_OUTPUTS_HASH. Handling time: 0. Response time: 0.
[NX v22.3.3 Daemon Server] - 2026-01-10T13:27:07.031Z - Received raw message of length 189
[NX v22.3.3 Daemon Server] - 2026-01-10T13:27:07.031Z - Received json message of type RECORD_TASK_RUNS
[NX v22.3.3 Daemon Server] - 2026-01-10T13:27:07.034Z - Serializing response for RECORD_TASK_RUNS message in json mode
[NX v22.3.3 Daemon Server] - 2026-01-10T13:27:07.034Z - Responding to RECORD_TASK_RUNS message
[NX v22.3.3 Daemon Server] - 2026-01-10T13:27:07.034Z - [REQUEST]: Responding to the client. handleRecordTaskRuns
[NX v22.3.3 Daemon Server] - 2026-01-10T13:27:07.034Z - Done responding to the client handleRecordTaskRuns
[NX v22.3.3 Daemon Server] - 2026-01-10T13:27:07.034Z - Handled json message RECORD_TASK_RUNS. Handling time: 3. Response time: 0.
[NX v22.3.3 Daemon Server] - 2026-01-10T13:27:07.035Z - Received raw message of length 59
[NX v22.3.3 Daemon Server] - 2026-01-10T13:27:07.035Z - Received json message of type GET_FLAKY_TASKS
[NX v22.3.3 Daemon Server] - 2026-01-10T13:27:07.035Z - Serializing response for GET_FLAKY_TASKS message in json mode
[NX v22.3.3 Daemon Server] - 2026-01-10T13:27:07.035Z - Responding to GET_FLAKY_TASKS message
[NX v22.3.3 Daemon Server] - 2026-01-10T13:27:07.035Z - [REQUEST]: Responding to the client. handleGetFlakyTasks
[NX v22.3.3 Daemon Server] - 2026-01-10T13:27:07.035Z - Done responding to the client handleGetFlakyTasks
[NX v22.3.3 Daemon Server] - 2026-01-10T13:27:07.035Z - Handled json message GET_FLAKY_TASKS. Handling time: 0. Response time: 0.
[NX v22.3.3 Daemon Server] - 2026-01-10T13:27:07.038Z - Received raw message of length 67432
[NX v22.3.3 Daemon Server] - 2026-01-10T13:27:07.038Z - Received json message of type POST_TASKS_EXECUTION
[NX v22.3.3 Daemon Server] - 2026-01-10T13:27:07.039Z - Serializing response for POST_TASKS_EXECUTION message in json mode
[NX v22.3.3 Daemon Server] - 2026-01-10T13:27:07.039Z - Responding to POST_TASKS_EXECUTION message
[NX v22.3.3 Daemon Server] - 2026-01-10T13:27:07.039Z - [REQUEST]: Responding to the client. handleRunPostTasksExecution
[NX v22.3.3 Daemon Server] - 2026-01-10T13:27:07.039Z - Time taken for 'postTasksExecution' 0.4696999999941909ms
[NX v22.3.3 Daemon Server] - 2026-01-10T13:27:07.039Z - Done responding to the client handleRunPostTasksExecution
[NX v22.3.3 Daemon Server] - 2026-01-10T13:27:07.039Z - Handled json message POST_TASKS_EXECUTION. Handling time: 1. Response time: 0.
[NX v22.3.3 Daemon Server] - 2026-01-10T13:27:07.043Z - Closed a connection. Number of open connections: 4
[NX v22.3.3 Daemon Server] - 2026-01-10T13:28:34.395Z - [WATCHER]: Processing file changes in outputs
[NX v22.3.3 Daemon Server] - 2026-01-10T13:28:34.396Z - [WATCHER]: package.json was modified
[NX v22.3.3 Daemon Server] - 2026-01-10T13:28:34.396Z - [SYNC]: clearing sync generators cache due to file changes
[NX v22.3.3 Daemon Server] - 2026-01-10T13:28:34.501Z - [REQUEST]: Updated workspace context based on watched changes, recomputing project graph...
[NX v22.3.3 Daemon Server] - 2026-01-10T13:28:34.501Z - [REQUEST]: package.json
[NX v22.3.3 Daemon Server] - 2026-01-10T13:28:34.501Z - [REQUEST]: 
Time for 'daemon-message-serialization-HASH_GLOB' 0.010899999993853271
Time for 'daemon-message-serialization-GLOB' 0.011500000007799827
Time for 'daemon-message-serialization-HASH_GLOB' 0.017199999987496994
Time for 'daemon-message-serialization-HASH_MULTI_GLOB' 0.012100000007194467
[NX v22.3.3 Daemon Server] - 2026-01-10T13:28:34.509Z - Received raw message of length 72
[NX v22.3.3 Daemon Server] - 2026-01-10T13:28:34.509Z - Received json message of type HASH_GLOB
Time for 'nx/core/project-json:createNodes' 0.8285999999934575
Time for 'nx/core/package-json:createNodes' 1.400500000003376
[NX v22.3.3 Daemon Server] - 2026-01-10T13:28:34.509Z - Serializing response for HASH_GLOB message in json mode
[NX v22.3.3 Daemon Server] - 2026-01-10T13:28:34.509Z - Responding to HASH_GLOB message
[NX v22.3.3 Daemon Server] - 2026-01-10T13:28:34.509Z - [REQUEST]: Responding to the client. handleHashGlob
[NX v22.3.3 Daemon Server] - 2026-01-10T13:28:34.510Z - Received raw message of length 73
[NX v22.3.3 Daemon Server] - 2026-01-10T13:28:34.510Z - Received json message of type GLOB
Time for '@nx/playwright/plugin:createNodes' 6.000299999999697
Time for 'HASH_GLOB round trip' 4.258300000001327
Time for 'deserialize daemon response - HASH_GLOB' 0.010399999999208376
[NX v22.3.3 Daemon Server] - 2026-01-10T13:28:34.511Z - Serializing response for GLOB message in json mode
[NX v22.3.3 Daemon Server] - 2026-01-10T13:28:34.511Z - Responding to GLOB message
[NX v22.3.3 Daemon Server] - 2026-01-10T13:28:34.511Z - [REQUEST]: Responding to the client. handleGlob
Time for 'GLOB round trip' 4.657500000001164
Time for 'deserialize daemon response - GLOB' 0.012799999996786937
Time for 'daemon-message-serialization-HASH_MULTI_GLOB' 0.013800000000628643
[NX v22.3.3 Daemon Server] - 2026-01-10T13:28:34.512Z - Received raw message of length 67
[NX v22.3.3 Daemon Server] - 2026-01-10T13:28:34.512Z - Received json message of type HASH_GLOB
[NX v22.3.3 Daemon Server] - 2026-01-10T13:28:34.512Z - Serializing response for HASH_GLOB message in json mode
[NX v22.3.3 Daemon Server] - 2026-01-10T13:28:34.512Z - Responding to HASH_GLOB message
[NX v22.3.3 Daemon Server] - 2026-01-10T13:28:34.512Z - [REQUEST]: Responding to the client. handleHashGlob
[NX v22.3.3 Daemon Server] - 2026-01-10T13:28:34.512Z - Time taken for 'hash changed files from watcher' 0.34229999998933636ms
[NX v22.3.3 Daemon Server] - 2026-01-10T13:28:34.513Z - Received raw message of length 60
Time for '@nx/webpack/plugin:createNodes' 7.32829999999376
[NX v22.3.3 Daemon Server] - 2026-01-10T13:28:34.513Z - Received json message of type HASH_MULTI_GLOB
Time for 'HASH_GLOB round trip' 4.912599999996019
Time for 'deserialize daemon response - HASH_GLOB' 0.011400000003050081
[NX v22.3.3 Daemon Server] - 2026-01-10T13:28:34.514Z - Serializing response for HASH_GLOB message in json mode
[NX v22.3.3 Daemon Server] - 2026-01-10T13:28:34.514Z - Responding to HASH_GLOB message
[NX v22.3.3 Daemon Server] - 2026-01-10T13:28:34.514Z - [REQUEST]: Responding to the client. handleHashMultiGlob
[NX v22.3.3 Daemon Server] - 2026-01-10T13:28:34.514Z - Done responding to the client handleHashGlob
[NX v22.3.3 Daemon Server] - 2026-01-10T13:28:34.514Z - Handled json message HASH_GLOB. Handling time: 0. Response time: 5.
[NX v22.3.3 Daemon Server] - 2026-01-10T13:28:34.514Z - Done responding to the client handleGlob
[NX v22.3.3 Daemon Server] - 2026-01-10T13:28:34.514Z - Handled json message GLOB. Handling time: 1. Response time: 3.
Time for '@nx/jest/plugin:createNodes' 8.092499999998836
Time for 'HASH_MULTI_GLOB round trip' 5.866300000008778
Time for 'deserialize daemon response - HASH_MULTI_GLOB' 0.012000000002444722
[NX v22.3.3 Daemon Server] - 2026-01-10T13:28:34.515Z - Received raw message of length 586
[NX v22.3.3 Daemon Server] - 2026-01-10T13:28:34.515Z - Received json message of type HASH_MULTI_GLOB
[NX v22.3.3 Daemon Server] - 2026-01-10T13:28:34.517Z - Serializing response for HASH_GLOB message in json mode
[NX v22.3.3 Daemon Server] - 2026-01-10T13:28:34.517Z - Responding to HASH_GLOB message
[NX v22.3.3 Daemon Server] - 2026-01-10T13:28:34.517Z - [REQUEST]: Responding to the client. handleHashMultiGlob
[NX v22.3.3 Daemon Server] - 2026-01-10T13:28:34.517Z - Done responding to the client handleHashGlob
[NX v22.3.3 Daemon Server] - 2026-01-10T13:28:34.517Z - Handled json message HASH_GLOB. Handling time: 0. Response time: 5.
[NX v22.3.3 Daemon Server] - 2026-01-10T13:28:34.517Z - Done responding to the client handleHashMultiGlob
[NX v22.3.3 Daemon Server] - 2026-01-10T13:28:34.517Z - Handled json message HASH_GLOB. Handling time: 1. Response time: 3.
[NX v22.3.3 Daemon Server] - 2026-01-10T13:28:34.517Z - Done responding to the client handleHashMultiGlob
[NX v22.3.3 Daemon Server] - 2026-01-10T13:28:34.517Z - Handled json message HASH_GLOB. Handling time: 2. Response time: 0.
Time for 'nx/js/dependencies-and-lockfile:createNodes' 9.493900000001304
Time for 'HASH_MULTI_GLOB round trip' 5.4513999999908265
Time for 'deserialize daemon response - HASH_MULTI_GLOB' 0.011699999988195486
Time for '@nx/eslint/plugin:createNodes' 34.752699999997276
Unable to find local plugin [] Map(0) {}
[NX v22.3.3 Daemon Server] - 2026-01-10T13:28:34.549Z - Time taken for 'build-project-configs' 39.32850000000326ms
Time for 'build typescript dependencies' 2.1435999999957858
[NX v22.3.3 Daemon Server] - 2026-01-10T13:28:34.565Z - [SYNC]: collect registered sync generators
[NX v22.3.3 Daemon Server] - 2026-01-10T13:28:34.565Z - [SYNC]: project graph hash is the same, not collecting task sync generators
[NX v22.3.3 Daemon Server] - 2026-01-10T13:28:34.565Z - [SYNC]: nx.json hash is the same, not collecting global sync generators
[NX v22.3.3 Daemon Server] - 2026-01-10T13:28:34.565Z - Time taken for 'total execution time for createProjectGraph()' 19.76339999999618ms
[NX v22.3.3 Daemon Server] - 2026-01-10T13:28:34.651Z - Established a connection. Number of open connections: 5
[NX v22.3.3 Daemon Server] - 2026-01-10T13:28:34.651Z - Closed a connection. Number of open connections: 4
[NX v22.3.3 Daemon Server] - 2026-01-10T13:28:34.652Z - Established a connection. Number of open connections: 5
[NX v22.3.3 Daemon Server] - 2026-01-10T13:28:34.957Z - Received raw message of length 32
[NX v22.3.3 Daemon Server] - 2026-01-10T13:28:34.957Z - Received json message of type GET_NX_CONSOLE_STATUS
[NX v22.3.3 Daemon Server] - 2026-01-10T13:28:34.957Z - Serializing response for GET_NX_CONSOLE_STATUS message in json mode
[NX v22.3.3 Daemon Server] - 2026-01-10T13:28:34.957Z - Responding to GET_NX_CONSOLE_STATUS message
[NX v22.3.3 Daemon Server] - 2026-01-10T13:28:34.957Z - [REQUEST]: Responding to the client. handleGetNxConsoleStatus
[NX v22.3.3 Daemon Server] - 2026-01-10T13:28:34.957Z - Done responding to the client handleGetNxConsoleStatus
[NX v22.3.3 Daemon Server] - 2026-01-10T13:28:34.957Z - Handled json message GET_NX_CONSOLE_STATUS. Handling time: 0. Response time: 0.
[NX v22.3.3 Daemon Server] - 2026-01-10T13:28:35.025Z - Received raw message of length 32
[NX v22.3.3 Daemon Server] - 2026-01-10T13:28:35.025Z - Received json message of type REQUEST_PROJECT_GRAPH
[NX v22.3.3 Daemon Server] - 2026-01-10T13:28:35.025Z - [REQUEST]: Client Request for Project Graph Received
[NX v22.3.3 Daemon Server] - 2026-01-10T13:28:35.025Z - Reusing in-memory cached project graph because no files changed.
[NX v22.3.3 Daemon Server] - 2026-01-10T13:28:35.032Z - Wrote project graph cache to C:\Users\mariu\WebstormProjects\Sideboard\.nx\workspace-data\project-graph.json
[NX v22.3.3 Daemon Server] - 2026-01-10T13:28:35.032Z - Serializing response for REQUEST_PROJECT_GRAPH message in json mode
[NX v22.3.3 Daemon Server] - 2026-01-10T13:28:35.032Z - Responding to REQUEST_PROJECT_GRAPH message
[NX v22.3.3 Daemon Server] - 2026-01-10T13:28:35.032Z - [REQUEST]: Responding to the client. project-graph
[NX v22.3.3 Daemon Server] - 2026-01-10T13:28:35.033Z - Time taken for 'total for creating and serializing project graph' 6.86009999999078ms
[NX v22.3.3 Daemon Server] - 2026-01-10T13:28:35.033Z - Done responding to the client project-graph
[NX v22.3.3 Daemon Server] - 2026-01-10T13:28:35.033Z - Handled json message REQUEST_PROJECT_GRAPH. Handling time: 7. Response time: 1.
[NX v22.3.3 Daemon Server] - 2026-01-10T13:28:35.037Z - Received raw message of length 1261
[NX v22.3.3 Daemon Server] - 2026-01-10T13:28:35.037Z - Received json message of type PRE_TASKS_EXECUTION
[NX v22.3.3 Daemon Server] - 2026-01-10T13:28:35.038Z - Serializing response for PRE_TASKS_EXECUTION message in json mode
[NX v22.3.3 Daemon Server] - 2026-01-10T13:28:35.038Z - Responding to PRE_TASKS_EXECUTION message
[NX v22.3.3 Daemon Server] - 2026-01-10T13:28:35.038Z - [REQUEST]: Responding to the client. handleRunPreTasksExecution
[NX v22.3.3 Daemon Server] - 2026-01-10T13:28:35.038Z - Time taken for 'preTasksExecution' 0.2687000000005355ms
[NX v22.3.3 Daemon Server] - 2026-01-10T13:28:35.038Z - Done responding to the client handleRunPreTasksExecution
[NX v22.3.3 Daemon Server] - 2026-01-10T13:28:35.038Z - Handled json message PRE_TASKS_EXECUTION. Handling time: 1. Response time: 0.
[NX v22.3.3 Daemon Server] - 2026-01-10T13:28:35.065Z - Received raw message of length 5703
[NX v22.3.3 Daemon Server] - 2026-01-10T13:28:35.065Z - Received json message of type HASH_TASKS
[NX v22.3.3 Daemon Server] - 2026-01-10T13:28:35.065Z - Reusing in-memory cached project graph because no files changed.
[NX v22.3.3 Daemon Server] - 2026-01-10T13:28:35.072Z - Wrote project graph cache to C:\Users\mariu\WebstormProjects\Sideboard\.nx\workspace-data\project-graph.json
DEBUG nx::native::tasks::hash_planner: get_plans_internal COMPLETED in 3.026ms - processed 1 tasks (setup: 2.6272ms, parallel_planning: 393.3µs)
DEBUG nx::native::tasks::hashers::hash_workspace_files: Hashing workspace fileset{cache_key="nx.json,.gitignore,.nxignore"}: Adding "16220110815332185737" (".gitignore") to hash
DEBUG nx::native::tasks::hashers::hash_workspace_files: Hashing workspace fileset{cache_key="nx.json,.gitignore,.nxignore"}: Adding "9691923261939552420" ("nx.json") to hash
DEBUG nx::native::tasks::hashers::hash_workspace_files: Hashing workspace fileset{cache_key="nx.json,.gitignore,.nxignore"}: Hash Value: "5666588748370749329"
DEBUG nx::native::tasks::task_hasher: hash_plans COMPLETED in 1.8573ms - processed 1 plans (setup: 247.6µs, hashing: 1.6069ms, assembly: 982.1µs)
[NX v22.3.3 Daemon Server] - 2026-01-10T13:28:35.085Z - Serializing response for HASH_TASKS message in json mode
[NX v22.3.3 Daemon Server] - 2026-01-10T13:28:35.085Z - Responding to HASH_TASKS message
[NX v22.3.3 Daemon Server] - 2026-01-10T13:28:35.085Z - [REQUEST]: Responding to the client. handleHashTasks
[NX v22.3.3 Daemon Server] - 2026-01-10T13:28:35.085Z - Time taken for 'write cache' 6.99649999999383ms
[NX v22.3.3 Daemon Server] - 2026-01-10T13:28:35.085Z - Done responding to the client handleHashTasks
[NX v22.3.3 Daemon Server] - 2026-01-10T13:28:35.085Z - Handled json message HASH_TASKS. Handling time: 20. Response time: 0.
[NX v22.3.3 Daemon Server] - 2026-01-10T13:28:35.099Z - Received raw message of length 88
[NX v22.3.3 Daemon Server] - 2026-01-10T13:28:35.099Z - Received json message of type GET_ESTIMATED_TASK_TIMINGS
[NX v22.3.3 Daemon Server] - 2026-01-10T13:28:35.099Z - Serializing response for GET_ESTIMATED_TASK_TIMINGS message in json mode
[NX v22.3.3 Daemon Server] - 2026-01-10T13:28:35.099Z - Responding to GET_ESTIMATED_TASK_TIMINGS message
[NX v22.3.3 Daemon Server] - 2026-01-10T13:28:35.099Z - [REQUEST]: Responding to the client. handleGetEstimatedTaskTimings
[NX v22.3.3 Daemon Server] - 2026-01-10T13:28:35.099Z - Done responding to the client handleGetEstimatedTaskTimings
[NX v22.3.3 Daemon Server] - 2026-01-10T13:28:35.099Z - Handled json message GET_ESTIMATED_TASK_TIMINGS. Handling time: 0. Response time: 0.
[NX v22.3.3 Daemon Server] - 2026-01-10T13:28:45.571Z - Closed a connection. Number of open connections: 4
[NX v22.3.3 Daemon Server] - 2026-01-10T13:31:21.532Z - [WATCHER]: backend/tsconfig.app.json was modified
[NX v22.3.3 Daemon Server] - 2026-01-10T13:31:21.532Z - [SYNC]: clearing sync generators cache due to file changes
[NX v22.3.3 Daemon Server] - 2026-01-10T13:31:21.532Z - [WATCHER]: Processing file changes in outputs
[NX v22.3.3 Daemon Server] - 2026-01-10T13:31:21.640Z - [REQUEST]: Updated workspace context based on watched changes, recomputing project graph...
[NX v22.3.3 Daemon Server] - 2026-01-10T13:31:21.640Z - [REQUEST]: backend/tsconfig.app.json
[NX v22.3.3 Daemon Server] - 2026-01-10T13:31:21.640Z - [REQUEST]: 
Time for 'daemon-message-serialization-HASH_GLOB' 0.011599999968893826
Time for 'daemon-message-serialization-GLOB' 0.012400000006891787
Time for 'nx/core/project-json:createNodes' 0.6709999999729916
[NX v22.3.3 Daemon Server] - 2026-01-10T13:31:21.646Z - Received raw message of length 72
[NX v22.3.3 Daemon Server] - 2026-01-10T13:31:21.646Z - Received json message of type HASH_GLOB
Time for 'daemon-message-serialization-HASH_GLOB' 0.012300000002142042
Time for 'daemon-message-serialization-HASH_MULTI_GLOB' 0.0094999999855645
[NX v22.3.3 Daemon Server] - 2026-01-10T13:31:21.646Z - Serializing response for HASH_GLOB message in json mode
[NX v22.3.3 Daemon Server] - 2026-01-10T13:31:21.646Z - Responding to HASH_GLOB message
[NX v22.3.3 Daemon Server] - 2026-01-10T13:31:21.646Z - [REQUEST]: Responding to the client. handleHashGlob
Time for 'nx/core/package-json:createNodes' 1.39269999996759
[NX v22.3.3 Daemon Server] - 2026-01-10T13:31:21.646Z - Time taken for 'hash changed files from watcher' 0.372899999958463ms
[NX v22.3.3 Daemon Server] - 2026-01-10T13:31:21.647Z - Received raw message of length 73
[NX v22.3.3 Daemon Server] - 2026-01-10T13:31:21.647Z - Received json message of type GLOB
Time for '@nx/playwright/plugin:createNodes' 4.4566999999806285
Time for 'HASH_GLOB round trip' 2.9663999999756925
Time for 'deserialize daemon response - HASH_GLOB' 0.011399999959394336
[NX v22.3.3 Daemon Server] - 2026-01-10T13:31:21.647Z - Serializing response for GLOB message in json mode
[NX v22.3.3 Daemon Server] - 2026-01-10T13:31:21.647Z - Responding to GLOB message
[NX v22.3.3 Daemon Server] - 2026-01-10T13:31:21.647Z - [REQUEST]: Responding to the client. handleGlob
Time for 'GLOB round trip' 2.9601000000257045
Time for 'deserialize daemon response - GLOB' 0.014599999994970858
Time for 'daemon-message-serialization-HASH_MULTI_GLOB' 0.012099999992642552
[NX v22.3.3 Daemon Server] - 2026-01-10T13:31:21.648Z - Received raw message of length 67
[NX v22.3.3 Daemon Server] - 2026-01-10T13:31:21.648Z - Received json message of type HASH_GLOB
[NX v22.3.3 Daemon Server] - 2026-01-10T13:31:21.649Z - Serializing response for HASH_GLOB message in json mode
[NX v22.3.3 Daemon Server] - 2026-01-10T13:31:21.649Z - Responding to HASH_GLOB message
[NX v22.3.3 Daemon Server] - 2026-01-10T13:31:21.649Z - [REQUEST]: Responding to the client. handleHashGlob
[NX v22.3.3 Daemon Server] - 2026-01-10T13:31:21.649Z - Received raw message of length 60
[NX v22.3.3 Daemon Server] - 2026-01-10T13:31:21.649Z - Received json message of type HASH_MULTI_GLOB
[NX v22.3.3 Daemon Server] - 2026-01-10T13:31:21.650Z - Serializing response for HASH_GLOB message in json mode
[NX v22.3.3 Daemon Server] - 2026-01-10T13:31:21.650Z - Responding to HASH_GLOB message
[NX v22.3.3 Daemon Server] - 2026-01-10T13:31:21.650Z - [REQUEST]: Responding to the client. handleHashMultiGlob
[NX v22.3.3 Daemon Server] - 2026-01-10T13:31:21.650Z - Done responding to the client handleHashGlob
[NX v22.3.3 Daemon Server] - 2026-01-10T13:31:21.650Z - Handled json message HASH_GLOB. Handling time: 0. Response time: 4.
[NX v22.3.3 Daemon Server] - 2026-01-10T13:31:21.650Z - Done responding to the client handleGlob
[NX v22.3.3 Daemon Server] - 2026-01-10T13:31:21.650Z - Handled json message GLOB. Handling time: 0. Response time: 3.
[NX v22.3.3 Daemon Server] - 2026-01-10T13:31:21.651Z - Received raw message of length 586
[NX v22.3.3 Daemon Server] - 2026-01-10T13:31:21.651Z - Received json message of type HASH_MULTI_GLOB
Time for '@nx/webpack/plugin:createNodes' 6.952099999994971
Time for 'HASH_GLOB round trip' 3.4179000000003725
Time for 'deserialize daemon response - HASH_GLOB' 0.009799999999813735
[NX v22.3.3 Daemon Server] - 2026-01-10T13:31:21.652Z - Serializing response for HASH_GLOB message in json mode
[NX v22.3.3 Daemon Server] - 2026-01-10T13:31:21.652Z - Responding to HASH_GLOB message
[NX v22.3.3 Daemon Server] - 2026-01-10T13:31:21.652Z - [REQUEST]: Responding to the client. handleHashMultiGlob
[NX v22.3.3 Daemon Server] - 2026-01-10T13:31:21.652Z - Done responding to the client handleHashGlob
[NX v22.3.3 Daemon Server] - 2026-01-10T13:31:21.652Z - Handled json message HASH_GLOB. Handling time: 1. Response time: 3.
[NX v22.3.3 Daemon Server] - 2026-01-10T13:31:21.652Z - Done responding to the client handleHashMultiGlob
[NX v22.3.3 Daemon Server] - 2026-01-10T13:31:21.652Z - Handled json message HASH_GLOB. Handling time: 1. Response time: 2.
[NX v22.3.3 Daemon Server] - 2026-01-10T13:31:21.653Z - Done responding to the client handleHashMultiGlob
[NX v22.3.3 Daemon Server] - 2026-01-10T13:31:21.653Z - Handled json message HASH_GLOB. Handling time: 1. Response time: 1.
Time for 'nx/js/dependencies-and-lockfile:createNodes' 6.607699999993201
Time for 'HASH_MULTI_GLOB round trip' 4.610700000019278
Time for 'deserialize daemon response - HASH_MULTI_GLOB' 0.008600000001024455
Time for '@nx/jest/plugin:createNodes' 13.96909999998752
Time for 'HASH_MULTI_GLOB round trip' 4.314600000041537
Time for 'deserialize daemon response - HASH_MULTI_GLOB' 0.010300000023562461
Time for '@nx/eslint/plugin:createNodes' 29.35869999998249
Unable to find local plugin [] Map(0) {}
[NX v22.3.3 Daemon Server] - 2026-01-10T13:31:21.681Z - Time taken for 'build-project-configs' 33.00439999997616ms
Time for 'build typescript dependencies' 1.8678000000072643
[NX v22.3.3 Daemon Server] - 2026-01-10T13:31:21.696Z - [SYNC]: collect registered sync generators
[NX v22.3.3 Daemon Server] - 2026-01-10T13:31:21.697Z - [SYNC]: project graph hash is the same, not collecting task sync generators
[NX v22.3.3 Daemon Server] - 2026-01-10T13:31:21.697Z - [SYNC]: nx.json hash is the same, not collecting global sync generators
[NX v22.3.3 Daemon Server] - 2026-01-10T13:31:21.697Z - Time taken for 'total execution time for createProjectGraph()' 18.82320000004256ms
[NX v22.3.3 Daemon Server] - 2026-01-10T13:31:37.925Z - [WATCHER]: backend/src/app/app.module.ts was modified
[NX v22.3.3 Daemon Server] - 2026-01-10T13:31:37.925Z - [SYNC]: clearing sync generators cache due to file changes
[NX v22.3.3 Daemon Server] - 2026-01-10T13:31:37.925Z - [WATCHER]: Processing file changes in outputs
[NX v22.3.3 Daemon Server] - 2026-01-10T13:31:38.127Z - [REQUEST]: Updated workspace context based on watched changes, recomputing project graph...
[NX v22.3.3 Daemon Server] - 2026-01-10T13:31:38.127Z - [REQUEST]: backend/src/app/app.module.ts
[NX v22.3.3 Daemon Server] - 2026-01-10T13:31:38.127Z - [REQUEST]: 
Time for 'daemon-message-serialization-HASH_GLOB' 0.009799999999813735
Time for 'daemon-message-serialization-GLOB' 0.012300000002142042
Time for 'nx/core/project-json:createNodes' 0.5450999999884516
[NX v22.3.3 Daemon Server] - 2026-01-10T13:31:38.131Z - Received raw message of length 72
Time for 'daemon-message-serialization-HASH_MULTI_GLOB' 0.009199999971315265
[NX v22.3.3 Daemon Server] - 2026-01-10T13:31:38.132Z - Received json message of type HASH_GLOB
Time for 'daemon-message-serialization-HASH_GLOB' 0.010800000047311187
Time for 'nx/core/package-json:createNodes' 1.0889000000315718
[NX v22.3.3 Daemon Server] - 2026-01-10T13:31:38.132Z - Serializing response for HASH_GLOB message in json mode
[NX v22.3.3 Daemon Server] - 2026-01-10T13:31:38.132Z - Responding to HASH_GLOB message
[NX v22.3.3 Daemon Server] - 2026-01-10T13:31:38.132Z - [REQUEST]: Responding to the client. handleHashGlob
[NX v22.3.3 Daemon Server] - 2026-01-10T13:31:38.132Z - Time taken for 'hash changed files from watcher' 0.41070000000763685ms
[NX v22.3.3 Daemon Server] - 2026-01-10T13:31:38.133Z - Received raw message of length 73
[NX v22.3.3 Daemon Server] - 2026-01-10T13:31:38.133Z - Received json message of type GLOB
Time for '@nx/playwright/plugin:createNodes' 3.8659999999799766
Time for 'HASH_GLOB round trip' 2.4847000000299886
Time for 'deserialize daemon response - HASH_GLOB' 0.011700000031851232
[NX v22.3.3 Daemon Server] - 2026-01-10T13:31:38.133Z - Serializing response for GLOB message in json mode
[NX v22.3.3 Daemon Server] - 2026-01-10T13:31:38.133Z - Responding to GLOB message
[NX v22.3.3 Daemon Server] - 2026-01-10T13:31:38.133Z - [REQUEST]: Responding to the client. handleGlob
Time for 'GLOB round trip' 2.457300000009127
Time for 'deserialize daemon response - GLOB' 0.014399999985471368
Time for 'daemon-message-serialization-HASH_MULTI_GLOB' 0.011799999978393316
[NX v22.3.3 Daemon Server] - 2026-01-10T13:31:38.134Z - Received raw message of length 60
[NX v22.3.3 Daemon Server] - 2026-01-10T13:31:38.134Z - Received json message of type HASH_MULTI_GLOB
[NX v22.3.3 Daemon Server] - 2026-01-10T13:31:38.134Z - Serializing response for HASH_GLOB message in json mode
[NX v22.3.3 Daemon Server] - 2026-01-10T13:31:38.134Z - Responding to HASH_GLOB message
[NX v22.3.3 Daemon Server] - 2026-01-10T13:31:38.134Z - [REQUEST]: Responding to the client. handleHashMultiGlob
[NX v22.3.3 Daemon Server] - 2026-01-10T13:31:38.135Z - Received raw message of length 67
[NX v22.3.3 Daemon Server] - 2026-01-10T13:31:38.135Z - Received json message of type HASH_GLOB
[NX v22.3.3 Daemon Server] - 2026-01-10T13:31:38.135Z - Serializing response for HASH_GLOB message in json mode
[NX v22.3.3 Daemon Server] - 2026-01-10T13:31:38.135Z - Responding to HASH_GLOB message
[NX v22.3.3 Daemon Server] - 2026-01-10T13:31:38.135Z - [REQUEST]: Responding to the client. handleHashGlob
[NX v22.3.3 Daemon Server] - 2026-01-10T13:31:38.135Z - Done responding to the client handleHashGlob
[NX v22.3.3 Daemon Server] - 2026-01-10T13:31:38.135Z - Handled json message HASH_GLOB. Handling time: 0. Response time: 3.
[NX v22.3.3 Daemon Server] - 2026-01-10T13:31:38.135Z - Done responding to the client handleGlob
[NX v22.3.3 Daemon Server] - 2026-01-10T13:31:38.135Z - Handled json message GLOB. Handling time: 0. Response time: 2.
[NX v22.3.3 Daemon Server] - 2026-01-10T13:31:38.136Z - Received raw message of length 586
[NX v22.3.3 Daemon Server] - 2026-01-10T13:31:38.136Z - Received json message of type HASH_MULTI_GLOB
Time for '@nx/webpack/plugin:createNodes' 6.632200000050943
Time for 'HASH_GLOB round trip' 3.6476000000257045
Time for 'deserialize daemon response - HASH_GLOB' 0.00969999999506399
[NX v22.3.3 Daemon Server] - 2026-01-10T13:31:38.138Z - Serializing response for HASH_GLOB message in json mode
[NX v22.3.3 Daemon Server] - 2026-01-10T13:31:38.138Z - Responding to HASH_GLOB message
[NX v22.3.3 Daemon Server] - 2026-01-10T13:31:38.138Z - [REQUEST]: Responding to the client. handleHashMultiGlob
[NX v22.3.3 Daemon Server] - 2026-01-10T13:31:38.138Z - Done responding to the client handleHashMultiGlob
[NX v22.3.3 Daemon Server] - 2026-01-10T13:31:38.138Z - Handled json message HASH_GLOB. Handling time: 0. Response time: 4.
[NX v22.3.3 Daemon Server] - 2026-01-10T13:31:38.138Z - Done responding to the client handleHashGlob
[NX v22.3.3 Daemon Server] - 2026-01-10T13:31:38.138Z - Handled json message HASH_GLOB. Handling time: 0. Response time: 3.
[NX v22.3.3 Daemon Server] - 2026-01-10T13:31:38.138Z - Done responding to the client handleHashMultiGlob
[NX v22.3.3 Daemon Server] - 2026-01-10T13:31:38.138Z - Handled json message HASH_GLOB. Handling time: 2. Response time: 0.
Time for 'nx/js/dependencies-and-lockfile:createNodes' 6.262899999972433
Time for 'HASH_MULTI_GLOB round trip' 4.122499999997672
Time for 'deserialize daemon response - HASH_MULTI_GLOB' 0.00890000001527369
Time for '@nx/jest/plugin:createNodes' 10.506099999998696
Time for 'HASH_MULTI_GLOB round trip' 2.9619999999995343
Time for 'deserialize daemon response - HASH_MULTI_GLOB' 0.011500000022351742
Time for '@nx/eslint/plugin:createNodes' 26.48070000001462
Unable to find local plugin [] Map(0) {}
[NX v22.3.3 Daemon Server] - 2026-01-10T13:31:38.165Z - Time taken for 'build-project-configs' 30.05990000005113ms
[NX v22.3.3 Daemon Server] - 2026-01-10T13:31:38.165Z - Established a connection. Number of open connections: 5
[NX v22.3.3 Daemon Server] - 2026-01-10T13:31:38.165Z - Established a connection. Number of open connections: 6
[NX v22.3.3 Daemon Server] - 2026-01-10T13:31:38.165Z - Closed a connection. Number of open connections: 5
Time for 'build typescript dependencies' 2.444900000002235
[NX v22.3.3 Daemon Server] - 2026-01-10T13:31:38.180Z - [SYNC]: collect registered sync generators
[NX v22.3.3 Daemon Server] - 2026-01-10T13:31:38.181Z - [SYNC]: project graph hash is the same, not collecting task sync generators
[NX v22.3.3 Daemon Server] - 2026-01-10T13:31:38.181Z - [SYNC]: nx.json hash is the same, not collecting global sync generators
[NX v22.3.3 Daemon Server] - 2026-01-10T13:31:38.181Z - Time taken for 'total execution time for createProjectGraph()' 18.900199999974575ms
[NX v22.3.3 Daemon Server] - 2026-01-10T13:31:38.470Z - Received raw message of length 32
[NX v22.3.3 Daemon Server] - 2026-01-10T13:31:38.470Z - Received json message of type GET_NX_CONSOLE_STATUS
[NX v22.3.3 Daemon Server] - 2026-01-10T13:31:38.470Z - Serializing response for GET_NX_CONSOLE_STATUS message in json mode
[NX v22.3.3 Daemon Server] - 2026-01-10T13:31:38.470Z - Responding to GET_NX_CONSOLE_STATUS message
[NX v22.3.3 Daemon Server] - 2026-01-10T13:31:38.470Z - [REQUEST]: Responding to the client. handleGetNxConsoleStatus
[NX v22.3.3 Daemon Server] - 2026-01-10T13:31:38.470Z - Done responding to the client handleGetNxConsoleStatus
[NX v22.3.3 Daemon Server] - 2026-01-10T13:31:38.470Z - Handled json message GET_NX_CONSOLE_STATUS. Handling time: 0. Response time: 0.
[NX v22.3.3 Daemon Server] - 2026-01-10T13:31:38.534Z - Received raw message of length 32
[NX v22.3.3 Daemon Server] - 2026-01-10T13:31:38.534Z - Received json message of type REQUEST_PROJECT_GRAPH
[NX v22.3.3 Daemon Server] - 2026-01-10T13:31:38.534Z - [REQUEST]: Client Request for Project Graph Received
[NX v22.3.3 Daemon Server] - 2026-01-10T13:31:38.534Z - Reusing in-memory cached project graph because no files changed.
[NX v22.3.3 Daemon Server] - 2026-01-10T13:31:38.541Z - Wrote project graph cache to C:\Users\mariu\WebstormProjects\Sideboard\.nx\workspace-data\project-graph.json
[NX v22.3.3 Daemon Server] - 2026-01-10T13:31:38.541Z - Serializing response for REQUEST_PROJECT_GRAPH message in json mode
[NX v22.3.3 Daemon Server] - 2026-01-10T13:31:38.541Z - Responding to REQUEST_PROJECT_GRAPH message
[NX v22.3.3 Daemon Server] - 2026-01-10T13:31:38.541Z - [REQUEST]: Responding to the client. project-graph
[NX v22.3.3 Daemon Server] - 2026-01-10T13:31:38.542Z - Time taken for 'total for creating and serializing project graph' 6.706400000024587ms
[NX v22.3.3 Daemon Server] - 2026-01-10T13:31:38.542Z - Done responding to the client project-graph
[NX v22.3.3 Daemon Server] - 2026-01-10T13:31:38.542Z - Handled json message REQUEST_PROJECT_GRAPH. Handling time: 7. Response time: 1.
[NX v22.3.3 Daemon Server] - 2026-01-10T13:31:38.546Z - Received raw message of length 1259
[NX v22.3.3 Daemon Server] - 2026-01-10T13:31:38.546Z - Received json message of type PRE_TASKS_EXECUTION
[NX v22.3.3 Daemon Server] - 2026-01-10T13:31:38.547Z - Serializing response for PRE_TASKS_EXECUTION message in json mode
[NX v22.3.3 Daemon Server] - 2026-01-10T13:31:38.547Z - Responding to PRE_TASKS_EXECUTION message
[NX v22.3.3 Daemon Server] - 2026-01-10T13:31:38.547Z - [REQUEST]: Responding to the client. handleRunPreTasksExecution
[NX v22.3.3 Daemon Server] - 2026-01-10T13:31:38.547Z - Time taken for 'preTasksExecution' 0.2566000000224449ms
[NX v22.3.3 Daemon Server] - 2026-01-10T13:31:38.547Z - Done responding to the client handleRunPreTasksExecution
[NX v22.3.3 Daemon Server] - 2026-01-10T13:31:38.547Z - Handled json message PRE_TASKS_EXECUTION. Handling time: 1. Response time: 0.
[NX v22.3.3 Daemon Server] - 2026-01-10T13:31:38.572Z - Received raw message of length 5703
[NX v22.3.3 Daemon Server] - 2026-01-10T13:31:38.572Z - Received json message of type HASH_TASKS
[NX v22.3.3 Daemon Server] - 2026-01-10T13:31:38.573Z - Reusing in-memory cached project graph because no files changed.
[NX v22.3.3 Daemon Server] - 2026-01-10T13:31:38.579Z - Wrote project graph cache to C:\Users\mariu\WebstormProjects\Sideboard\.nx\workspace-data\project-graph.json
DEBUG nx::native::tasks::hash_planner: get_plans_internal COMPLETED in 2.5606ms - processed 1 tasks (setup: 2.2656ms, parallel_planning: 292.1µs)
DEBUG nx::native::tasks::hashers::hash_workspace_files: Hashing workspace fileset{cache_key="nx.json,.gitignore,.nxignore"}: Adding "16220110815332185737" (".gitignore") to hash
DEBUG nx::native::tasks::hashers::hash_workspace_files: Hashing workspace fileset{cache_key="nx.json,.gitignore,.nxignore"}: Adding "9691923261939552420" ("nx.json") to hash
DEBUG nx::native::tasks::hashers::hash_workspace_files: Hashing workspace fileset{cache_key="nx.json,.gitignore,.nxignore"}: Hash Value: "5666588748370749329"
DEBUG nx::native::tasks::task_hasher: hash_plans COMPLETED in 2.1113ms - processed 1 plans (setup: 201.5µs, hashing: 1.9084ms, assembly: 1.2127ms)
[NX v22.3.3 Daemon Server] - 2026-01-10T13:31:38.589Z - Serializing response for HASH_TASKS message in json mode
[NX v22.3.3 Daemon Server] - 2026-01-10T13:31:38.589Z - Responding to HASH_TASKS message
[NX v22.3.3 Daemon Server] - 2026-01-10T13:31:38.589Z - [REQUEST]: Responding to the client. handleHashTasks
[NX v22.3.3 Daemon Server] - 2026-01-10T13:31:38.589Z - Time taken for 'write cache' 6.397800000035204ms
[NX v22.3.3 Daemon Server] - 2026-01-10T13:31:38.590Z - Done responding to the client handleHashTasks
[NX v22.3.3 Daemon Server] - 2026-01-10T13:31:38.590Z - Handled json message HASH_TASKS. Handling time: 17. Response time: 1.
[NX v22.3.3 Daemon Server] - 2026-01-10T13:31:38.613Z - Received raw message of length 88
[NX v22.3.3 Daemon Server] - 2026-01-10T13:31:38.613Z - Received json message of type GET_ESTIMATED_TASK_TIMINGS
[NX v22.3.3 Daemon Server] - 2026-01-10T13:31:38.613Z - Serializing response for GET_ESTIMATED_TASK_TIMINGS message in json mode
[NX v22.3.3 Daemon Server] - 2026-01-10T13:31:38.613Z - Responding to GET_ESTIMATED_TASK_TIMINGS message
[NX v22.3.3 Daemon Server] - 2026-01-10T13:31:38.613Z - [REQUEST]: Responding to the client. handleGetEstimatedTaskTimings
[NX v22.3.3 Daemon Server] - 2026-01-10T13:31:38.613Z - Done responding to the client handleGetEstimatedTaskTimings
[NX v22.3.3 Daemon Server] - 2026-01-10T13:31:38.613Z - Handled json message GET_ESTIMATED_TASK_TIMINGS. Handling time: 0. Response time: 0.
[NX v22.3.3 Daemon Server] - 2026-01-10T13:31:42.231Z - [WATCHER]: Processing file changes in outputs
[NX v22.3.3 Daemon Server] - 2026-01-10T13:31:42.232Z - [WATCHER]: 0 file(s) created or restored, 2 file(s) modified, 0 file(s) deleted
[NX v22.3.3 Daemon Server] - 2026-01-10T13:31:42.232Z - [SYNC]: clearing sync generators cache due to file changes
[NX v22.3.3 Daemon Server] - 2026-01-10T13:31:42.338Z - [REQUEST]: Updated workspace context based on watched changes, recomputing project graph...
[NX v22.3.3 Daemon Server] - 2026-01-10T13:31:42.339Z - [REQUEST]: dist/backend/main.js.map,dist/backend/main.js
[NX v22.3.3 Daemon Server] - 2026-01-10T13:31:42.339Z - [REQUEST]: 
Time for 'daemon-message-serialization-HASH_GLOB' 0.011100000003352761
Time for 'daemon-message-serialization-GLOB' 0.010100000014062971
[NX v22.3.3 Daemon Server] - 2026-01-10T13:31:42.343Z - Received raw message of length 72
[NX v22.3.3 Daemon Server] - 2026-01-10T13:31:42.343Z - Received json message of type HASH_GLOB
Time for 'nx/core/project-json:createNodes' 0.5645999999833293
Time for 'daemon-message-serialization-HASH_MULTI_GLOB' 0.00890000001527369
[NX v22.3.3 Daemon Server] - 2026-01-10T13:31:42.343Z - Serializing response for HASH_GLOB message in json mode
[NX v22.3.3 Daemon Server] - 2026-01-10T13:31:42.343Z - Responding to HASH_GLOB message
[NX v22.3.3 Daemon Server] - 2026-01-10T13:31:42.343Z - [REQUEST]: Responding to the client. handleHashGlob
Time for 'daemon-message-serialization-HASH_GLOB' 0.013399999996181577
[NX v22.3.3 Daemon Server] - 2026-01-10T13:31:42.343Z - Time taken for 'hash changed files from watcher' 0.4153999999980442ms
Time for 'nx/core/package-json:createNodes' 1.3052000000025146
[NX v22.3.3 Daemon Server] - 2026-01-10T13:31:42.344Z - Received raw message of length 73
[NX v22.3.3 Daemon Server] - 2026-01-10T13:31:42.344Z - Received json message of type GLOB
Time for '@nx/playwright/plugin:createNodes' 3.5120999999926426
Time for 'HASH_GLOB round trip' 2.0270000000018626
Time for 'deserialize daemon response - HASH_GLOB' 0.012400000006891787
[NX v22.3.3 Daemon Server] - 2026-01-10T13:31:42.344Z - Serializing response for GLOB message in json mode
[NX v22.3.3 Daemon Server] - 2026-01-10T13:31:42.344Z - Responding to GLOB message
[NX v22.3.3 Daemon Server] - 2026-01-10T13:31:42.344Z - [REQUEST]: Responding to the client. handleGlob
[NX v22.3.3 Daemon Server] - 2026-01-10T13:31:42.345Z - Received raw message of length 60
Time for 'GLOB round trip' 2.451100000005681
[NX v22.3.3 Daemon Server] - 2026-01-10T13:31:42.345Z - Received json message of type HASH_MULTI_GLOB
Time for 'deserialize daemon response - GLOB' 0.012999999977182597
Time for 'daemon-message-serialization-HASH_MULTI_GLOB' 0.014499999990221113
[NX v22.3.3 Daemon Server] - 2026-01-10T13:31:42.345Z - Serializing response for HASH_GLOB message in json mode
[NX v22.3.3 Daemon Server] - 2026-01-10T13:31:42.345Z - Responding to HASH_GLOB message
[NX v22.3.3 Daemon Server] - 2026-01-10T13:31:42.345Z - [REQUEST]: Responding to the client. handleHashMultiGlob
[NX v22.3.3 Daemon Server] - 2026-01-10T13:31:42.346Z - Received raw message of length 67
[NX v22.3.3 Daemon Server] - 2026-01-10T13:31:42.346Z - Received json message of type HASH_GLOB
Time for '@nx/jest/plugin:createNodes' 4.180200000002515
Time for 'HASH_MULTI_GLOB round trip' 2.6049000000348315
Time for 'deserialize daemon response - HASH_MULTI_GLOB' 0.009799999999813735
[NX v22.3.3 Daemon Server] - 2026-01-10T13:31:42.346Z - Serializing response for HASH_GLOB message in json mode
[NX v22.3.3 Daemon Server] - 2026-01-10T13:31:42.346Z - Responding to HASH_GLOB message
[NX v22.3.3 Daemon Server] - 2026-01-10T13:31:42.346Z - [REQUEST]: Responding to the client. handleHashGlob
[NX v22.3.3 Daemon Server] - 2026-01-10T13:31:42.346Z - Done responding to the client handleHashGlob
[NX v22.3.3 Daemon Server] - 2026-01-10T13:31:42.346Z - Handled json message HASH_GLOB. Handling time: 0. Response time: 3.
[NX v22.3.3 Daemon Server] - 2026-01-10T13:31:42.346Z - Done responding to the client handleGlob
[NX v22.3.3 Daemon Server] - 2026-01-10T13:31:42.346Z - Handled json message GLOB. Handling time: 0. Response time: 2.
Time for '@nx/webpack/plugin:createNodes' 5.272100000001956
Time for 'HASH_GLOB round trip' 3.299300000013318
Time for 'deserialize daemon response - HASH_GLOB' 0.012800000025890768
[NX v22.3.3 Daemon Server] - 2026-01-10T13:31:42.347Z - Received raw message of length 586
[NX v22.3.3 Daemon Server] - 2026-01-10T13:31:42.347Z - Received json message of type HASH_MULTI_GLOB
[NX v22.3.3 Daemon Server] - 2026-01-10T13:31:42.348Z - Serializing response for HASH_GLOB message in json mode
[NX v22.3.3 Daemon Server] - 2026-01-10T13:31:42.348Z - Responding to HASH_GLOB message
[NX v22.3.3 Daemon Server] - 2026-01-10T13:31:42.348Z - [REQUEST]: Responding to the client. handleHashMultiGlob
[NX v22.3.3 Daemon Server] - 2026-01-10T13:31:42.349Z - Done responding to the client handleHashMultiGlob
[NX v22.3.3 Daemon Server] - 2026-01-10T13:31:42.349Z - Handled json message HASH_GLOB. Handling time: 0. Response time: 4.
[NX v22.3.3 Daemon Server] - 2026-01-10T13:31:42.349Z - Done responding to the client handleHashGlob
[NX v22.3.3 Daemon Server] - 2026-01-10T13:31:42.349Z - Handled json message HASH_GLOB. Handling time: 0. Response time: 3.
[NX v22.3.3 Daemon Server] - 2026-01-10T13:31:42.349Z - Done responding to the client handleHashMultiGlob
[NX v22.3.3 Daemon Server] - 2026-01-10T13:31:42.349Z - Handled json message HASH_GLOB. Handling time: 1. Response time: 1.
Time for 'HASH_MULTI_GLOB round trip' 3.7576000000117347
Time for 'deserialize daemon response - HASH_MULTI_GLOB' 0.010000000009313226
Time for 'nx/js/dependencies-and-lockfile:createNodes' 9.18760000000475
Time for '@nx/eslint/plugin:createNodes' 25.005599999974947
Unable to find local plugin [] Map(0) {}
[NX v22.3.3 Daemon Server] - 2026-01-10T13:31:42.374Z - Time taken for 'build-project-configs' 28.397400000016205ms
Time for 'build typescript dependencies' 3.406100000021979
[NX v22.3.3 Daemon Server] - 2026-01-10T13:31:42.390Z - [SYNC]: collect registered sync generators
[NX v22.3.3 Daemon Server] - 2026-01-10T13:31:42.390Z - [SYNC]: project graph hash is the same, not collecting task sync generators
[NX v22.3.3 Daemon Server] - 2026-01-10T13:31:42.390Z - [SYNC]: nx.json hash is the same, not collecting global sync generators
[NX v22.3.3 Daemon Server] - 2026-01-10T13:31:42.390Z - Time taken for 'total execution time for createProjectGraph()' 18.602200000023004ms
[NX v22.3.3 Daemon Server] - 2026-01-10T13:31:45.933Z - Closed a connection. Number of open connections: 4
[NX v22.3.3 Daemon Server] - 2026-01-10T13:32:45.151Z - [WATCHER]: .idea/workspace.xml was modified
[NX v22.3.3 Daemon Server] - 2026-01-10T13:32:45.151Z - [SYNC]: clearing sync generators cache due to file changes
[NX v22.3.3 Daemon Server] - 2026-01-10T13:32:45.151Z - [WATCHER]: Processing file changes in outputs
[NX v22.3.3 Daemon Server] - 2026-01-10T13:32:45.368Z - [REQUEST]: Updated workspace context based on watched changes, recomputing project graph...
[NX v22.3.3 Daemon Server] - 2026-01-10T13:32:45.368Z - [REQUEST]: .idea/workspace.xml
[NX v22.3.3 Daemon Server] - 2026-01-10T13:32:45.368Z - [REQUEST]: 
Time for 'daemon-message-serialization-HASH_GLOB' 0.012700000021141022
Time for 'daemon-message-serialization-GLOB' 0.012099999992642552
[NX v22.3.3 Daemon Server] - 2026-01-10T13:32:45.373Z - Received raw message of length 72
[NX v22.3.3 Daemon Server] - 2026-01-10T13:32:45.373Z - Received json message of type HASH_GLOB
Time for 'nx/core/project-json:createNodes' 0.7652000000234693
Time for 'daemon-message-serialization-HASH_MULTI_GLOB' 0.010999999998603016
Time for 'daemon-message-serialization-HASH_GLOB' 0.018699999956879765
[NX v22.3.3 Daemon Server] - 2026-01-10T13:32:45.374Z - Serializing response for HASH_GLOB message in json mode
[NX v22.3.3 Daemon Server] - 2026-01-10T13:32:45.374Z - Responding to HASH_GLOB message
[NX v22.3.3 Daemon Server] - 2026-01-10T13:32:45.374Z - [REQUEST]: Responding to the client. handleHashGlob
Time for 'nx/core/package-json:createNodes' 1.3717000000178814
[NX v22.3.3 Daemon Server] - 2026-01-10T13:32:45.374Z - Received raw message of length 73
[NX v22.3.3 Daemon Server] - 2026-01-10T13:32:45.374Z - Received json message of type GLOB
Time for '@nx/playwright/plugin:createNodes' 4.25089999998454
Time for 'HASH_GLOB round trip' 2.6334999999962747
Time for 'deserialize daemon response - HASH_GLOB' 0.010899999993853271
[NX v22.3.3 Daemon Server] - 2026-01-10T13:32:45.375Z - Serializing response for GLOB message in json mode
[NX v22.3.3 Daemon Server] - 2026-01-10T13:32:45.375Z - Responding to GLOB message
[NX v22.3.3 Daemon Server] - 2026-01-10T13:32:45.375Z - [REQUEST]: Responding to the client. handleGlob
[NX v22.3.3 Daemon Server] - 2026-01-10T13:32:45.375Z - Time taken for 'hash changed files from watcher' 0.4474000000045635ms
Time for 'GLOB round trip' 3.2048999999533407
Time for 'deserialize daemon response - GLOB' 0.014499999990221113
Time for 'daemon-message-serialization-HASH_MULTI_GLOB' 0.014699999999720603
[NX v22.3.3 Daemon Server] - 2026-01-10T13:32:45.376Z - Received raw message of length 60
[NX v22.3.3 Daemon Server] - 2026-01-10T13:32:45.376Z - Received json message of type HASH_MULTI_GLOB
[NX v22.3.3 Daemon Server] - 2026-01-10T13:32:45.376Z - Serializing response for HASH_GLOB message in json mode
[NX v22.3.3 Daemon Server] - 2026-01-10T13:32:45.377Z - Responding to HASH_GLOB message
[NX v22.3.3 Daemon Server] - 2026-01-10T13:32:45.377Z - [REQUEST]: Responding to the client. handleHashMultiGlob
[NX v22.3.3 Daemon Server] - 2026-01-10T13:32:45.377Z - Received raw message of length 67
[NX v22.3.3 Daemon Server] - 2026-01-10T13:32:45.377Z - Received json message of type HASH_GLOB
Time for '@nx/jest/plugin:createNodes' 5.592499999969732
Time for 'HASH_MULTI_GLOB round trip' 3.480299999995623
Time for 'deserialize daemon response - HASH_MULTI_GLOB' 0.013199999986682087
[NX v22.3.3 Daemon Server] - 2026-01-10T13:32:45.378Z - Serializing response for HASH_GLOB message in json mode
[NX v22.3.3 Daemon Server] - 2026-01-10T13:32:45.378Z - Responding to HASH_GLOB message
[NX v22.3.3 Daemon Server] - 2026-01-10T13:32:45.378Z - [REQUEST]: Responding to the client. handleHashGlob
[NX v22.3.3 Daemon Server] - 2026-01-10T13:32:45.378Z - Done responding to the client handleHashGlob
[NX v22.3.3 Daemon Server] - 2026-01-10T13:32:45.378Z - Handled json message HASH_GLOB. Handling time: 1. Response time: 4.
[NX v22.3.3 Daemon Server] - 2026-01-10T13:32:45.378Z - Done responding to the client handleGlob
[NX v22.3.3 Daemon Server] - 2026-01-10T13:32:45.378Z - Handled json message GLOB. Handling time: 1. Response time: 3.
Time for '@nx/webpack/plugin:createNodes' 7.118000000016764
Time for 'HASH_GLOB round trip' 4.67429999995511
Time for 'deserialize daemon response - HASH_GLOB' 0.010999999998603016
[NX v22.3.3 Daemon Server] - 2026-01-10T13:32:45.379Z - Received raw message of length 586
[NX v22.3.3 Daemon Server] - 2026-01-10T13:32:45.379Z - Received json message of type HASH_MULTI_GLOB
[NX v22.3.3 Daemon Server] - 2026-01-10T13:32:45.380Z - Serializing response for HASH_GLOB message in json mode
[NX v22.3.3 Daemon Server] - 2026-01-10T13:32:45.381Z - Responding to HASH_GLOB message
[NX v22.3.3 Daemon Server] - 2026-01-10T13:32:45.381Z - [REQUEST]: Responding to the client. handleHashMultiGlob
[NX v22.3.3 Daemon Server] - 2026-01-10T13:32:45.381Z - Done responding to the client handleHashMultiGlob
[NX v22.3.3 Daemon Server] - 2026-01-10T13:32:45.381Z - Handled json message HASH_GLOB. Handling time: 0. Response time: 5.
[NX v22.3.3 Daemon Server] - 2026-01-10T13:32:45.381Z - Done responding to the client handleHashGlob
[NX v22.3.3 Daemon Server] - 2026-01-10T13:32:45.381Z - Handled json message HASH_GLOB. Handling time: 1. Response time: 3.
[NX v22.3.3 Daemon Server] - 2026-01-10T13:32:45.381Z - Done responding to the client handleHashMultiGlob
[NX v22.3.3 Daemon Server] - 2026-01-10T13:32:45.381Z - Handled json message HASH_GLOB. Handling time: 1. Response time: 1.
Time for 'nx/js/dependencies-and-lockfile:createNodes' 7.818599999998696
Time for 'HASH_MULTI_GLOB round trip' 4.94960000005085
Time for 'deserialize daemon response - HASH_MULTI_GLOB' 0.010999999998603016
Time for '@nx/eslint/plugin:createNodes' 34.476399999985006
Unable to find local plugin [] Map(0) {}
[NX v22.3.3 Daemon Server] - 2026-01-10T13:32:45.416Z - Time taken for 'build-project-configs' 38.6587999999756ms
Time for 'build typescript dependencies' 2.572000000043772
[NX v22.3.3 Daemon Server] - 2026-01-10T13:32:45.434Z - [SYNC]: collect registered sync generators
[NX v22.3.3 Daemon Server] - 2026-01-10T13:32:45.435Z - [SYNC]: project graph hash is the same, not collecting task sync generators
[NX v22.3.3 Daemon Server] - 2026-01-10T13:32:45.435Z - [SYNC]: nx.json hash is the same, not collecting global sync generators
[NX v22.3.3 Daemon Server] - 2026-01-10T13:32:45.435Z - Time taken for 'total execution time for createProjectGraph()' 21.739400000020396ms
[NX v22.3.3 Daemon Server] - 2026-01-10T15:11:41.955Z - [WATCHER]: Processing file changes in outputs
[NX v22.3.3 Daemon Server] - 2026-01-10T15:11:41.962Z - [WATCHER]: 0 file(s) created or restored, 3 file(s) modified, 0 file(s) deleted
[NX v22.3.3 Daemon Server] - 2026-01-10T15:11:41.963Z - [SYNC]: clearing sync generators cache due to file changes
[NX v22.3.3 Daemon Server] - 2026-01-10T15:11:42.369Z - [REQUEST]: Updated workspace context based on watched changes, recomputing project graph...
[NX v22.3.3 Daemon Server] - 2026-01-10T15:11:42.370Z - [REQUEST]: .idea/workspace.xml,.idea/dataSources.xml,.idea/dataSources.local.xml
[NX v22.3.3 Daemon Server] - 2026-01-10T15:11:42.370Z - [REQUEST]: 
[NX v22.3.3 Daemon Server] - 2026-01-10T15:11:42.379Z - Time taken for 'hash changed files from watcher' 1.0029000006616116ms
Time for 'daemon-message-serialization-HASH_GLOB' 0.03200000058859587
Time for 'nx/core/project-json:createNodes' 4.268300000578165
[NX v22.3.3 Daemon Server] - 2026-01-10T15:11:42.387Z - Received raw message of length 72
[NX v22.3.3 Daemon Server] - 2026-01-10T15:11:42.387Z - Received json message of type HASH_GLOB
Time for 'nx/core/package-json:createNodes' 5.296000000089407
Time for 'daemon-message-serialization-GLOB' 0.0696000000461936
[NX v22.3.3 Daemon Server] - 2026-01-10T15:11:42.389Z - Serializing response for HASH_GLOB message in json mode
[NX v22.3.3 Daemon Server] - 2026-01-10T15:11:42.389Z - Responding to HASH_GLOB message
[NX v22.3.3 Daemon Server] - 2026-01-10T15:11:42.389Z - [REQUEST]: Responding to the client. handleHashGlob
Time for 'daemon-message-serialization-HASH_GLOB' 0.0625
Time for 'daemon-message-serialization-HASH_MULTI_GLOB' 0.026199999265372753
[NX v22.3.3 Daemon Server] - 2026-01-10T15:11:42.391Z - Received raw message of length 73
[NX v22.3.3 Daemon Server] - 2026-01-10T15:11:42.391Z - Received json message of type GLOB
Time for '@nx/playwright/plugin:createNodes' 11.850200000219047
Time for 'HASH_GLOB round trip' 4.194499999284744
Time for 'deserialize daemon response - HASH_GLOB' 0.021599999628961086
[NX v22.3.3 Daemon Server] - 2026-01-10T15:11:42.391Z - Serializing response for GLOB message in json mode
[NX v22.3.3 Daemon Server] - 2026-01-10T15:11:42.391Z - Responding to GLOB message
[NX v22.3.3 Daemon Server] - 2026-01-10T15:11:42.391Z - [REQUEST]: Responding to the client. handleGlob
[NX v22.3.3 Daemon Server] - 2026-01-10T15:11:42.392Z - Done responding to the client handleHashGlob
[NX v22.3.3 Daemon Server] - 2026-01-10T15:11:42.392Z - Handled json message HASH_GLOB. Handling time: 2. Response time: 3.
[NX v22.3.3 Daemon Server] - 2026-01-10T15:11:42.393Z - Received raw message of length 60
[NX v22.3.3 Daemon Server] - 2026-01-10T15:11:42.393Z - Received json message of type HASH_MULTI_GLOB
Time for 'GLOB round trip' 4.32219999935478
Time for 'deserialize daemon response - GLOB' 0.11959999985992908
Time for 'daemon-message-serialization-HASH_MULTI_GLOB' 0.0284000001847744
[NX v22.3.3 Daemon Server] - 2026-01-10T15:11:42.393Z - Serializing response for HASH_GLOB message in json mode
[NX v22.3.3 Daemon Server] - 2026-01-10T15:11:42.393Z - Responding to HASH_GLOB message
[NX v22.3.3 Daemon Server] - 2026-01-10T15:11:42.393Z - [REQUEST]: Responding to the client. handleHashMultiGlob
[NX v22.3.3 Daemon Server] - 2026-01-10T15:11:42.395Z - Received raw message of length 67
[NX v22.3.3 Daemon Server] - 2026-01-10T15:11:42.395Z - Received json message of type HASH_GLOB
Time for '@nx/jest/plugin:createNodes' 12.745199999772012
Time for 'HASH_MULTI_GLOB round trip' 4.1625000005587935
Time for 'deserialize daemon response - HASH_MULTI_GLOB' 0.01880000066012144
[NX v22.3.3 Daemon Server] - 2026-01-10T15:11:42.395Z - Serializing response for HASH_GLOB message in json mode
[NX v22.3.3 Daemon Server] - 2026-01-10T15:11:42.396Z - Responding to HASH_GLOB message
[NX v22.3.3 Daemon Server] - 2026-01-10T15:11:42.396Z - [REQUEST]: Responding to the client. handleHashGlob
[NX v22.3.3 Daemon Server] - 2026-01-10T15:11:42.396Z - Done responding to the client handleGlob
[NX v22.3.3 Daemon Server] - 2026-01-10T15:11:42.396Z - Handled json message GLOB. Handling time: 0. Response time: 5.
[NX v22.3.3 Daemon Server] - 2026-01-10T15:11:42.397Z - Received raw message of length 586
[NX v22.3.3 Daemon Server] - 2026-01-10T15:11:42.397Z - Received json message of type HASH_MULTI_GLOB
Time for '@nx/webpack/plugin:createNodes' 15.067800000309944
Time for 'HASH_GLOB round trip' 6.366100000217557
Time for 'deserialize daemon response - HASH_GLOB' 0.026600000448524952
[NX v22.3.3 Daemon Server] - 2026-01-10T15:11:42.400Z - Serializing response for HASH_GLOB message in json mode
[NX v22.3.3 Daemon Server] - 2026-01-10T15:11:42.400Z - Responding to HASH_GLOB message
[NX v22.3.3 Daemon Server] - 2026-01-10T15:11:42.400Z - [REQUEST]: Responding to the client. handleHashMultiGlob
[NX v22.3.3 Daemon Server] - 2026-01-10T15:11:42.400Z - Done responding to the client handleHashMultiGlob
[NX v22.3.3 Daemon Server] - 2026-01-10T15:11:42.400Z - Handled json message HASH_GLOB. Handling time: 0. Response time: 7.
[NX v22.3.3 Daemon Server] - 2026-01-10T15:11:42.400Z - Done responding to the client handleHashGlob
[NX v22.3.3 Daemon Server] - 2026-01-10T15:11:42.400Z - Handled json message HASH_GLOB. Handling time: 0. Response time: 5.
[NX v22.3.3 Daemon Server] - 2026-01-10T15:11:42.400Z - Done responding to the client handleHashMultiGlob
[NX v22.3.3 Daemon Server] - 2026-01-10T15:11:42.400Z - Handled json message HASH_GLOB. Handling time: 3. Response time: 0.
Time for 'HASH_MULTI_GLOB round trip' 7.144600000232458
Time for 'deserialize daemon response - HASH_MULTI_GLOB' 0.028699999675154686
Time for 'nx/js/dependencies-and-lockfile:createNodes' 24.32689999975264
Time for '@nx/eslint/plugin:createNodes' 54.46939999982715
Unable to find local plugin [] Map(0) {}
[NX v22.3.3 Daemon Server] - 2026-01-10T15:11:42.457Z - Time taken for 'build-project-configs' 66.086799999699ms
Time for 'build typescript dependencies' 3.8676999993622303
[NX v22.3.3 Daemon Server] - 2026-01-10T15:11:42.488Z - [SYNC]: collect registered sync generators
[NX v22.3.3 Daemon Server] - 2026-01-10T15:11:42.489Z - [SYNC]: project graph hash is the same, not collecting task sync generators
[NX v22.3.3 Daemon Server] - 2026-01-10T15:11:42.489Z - [SYNC]: nx.json hash is the same, not collecting global sync generators
[NX v22.3.3 Daemon Server] - 2026-01-10T15:11:42.489Z - Time taken for 'total execution time for createProjectGraph()' 37.904099999926984ms
[NX v22.3.3 Daemon Server] - 2026-01-10T15:11:42.845Z - [WATCHER]: Processing file changes in outputs
[NX v22.3.3 Daemon Server] - 2026-01-10T15:11:42.846Z - [WATCHER]: 0 file(s) created or restored, 2 file(s) modified, 0 file(s) deleted
[NX v22.3.3 Daemon Server] - 2026-01-10T15:11:42.846Z - [SYNC]: clearing sync generators cache due to file changes
[NX v22.3.3 Daemon Server] - 2026-01-10T15:11:43.200Z - [WATCHER]: 0 file(s) created or restored, 2 file(s) modified, 0 file(s) deleted
[NX v22.3.3 Daemon Server] - 2026-01-10T15:11:43.201Z - [SYNC]: clearing sync generators cache due to file changes
[NX v22.3.3 Daemon Server] - 2026-01-10T15:11:43.201Z - [WATCHER]: Processing file changes in outputs
[NX v22.3.3 Daemon Server] - 2026-01-10T15:11:43.653Z - [REQUEST]: Updated workspace context based on watched changes, recomputing project graph...
[NX v22.3.3 Daemon Server] - 2026-01-10T15:11:43.653Z - [REQUEST]: .idea/dataSources/fc894f9a-d6b4-48c4-a8e0-6261b69bc26b/storage_v2/_src_/database/postgres.edMnLQ.meta,.idea/dataSources/fc894f9a-d6b4-48c4-a8e0-6261b69bc26b/storage_v2/_src_/database/postgres.edMnLQ/schema/public.abK9xQ.meta,.idea/dataSources/fc894f9a-d6b4-48c4-a8e0-6261b69bc26b/storage_v2/_src_/database/postgres.edMnLQ/schema/information_schema.FNRwLQ.meta,.idea/dataSources/fc894f9a-d6b4-48c4-a8e0-6261b69bc26b/storage_v2/_src_/database/postgres.edMnLQ/schema/pg_catalog.0S1ZNQ.meta
[NX v22.3.3 Daemon Server] - 2026-01-10T15:11:43.653Z - [REQUEST]: 
Time for 'daemon-message-serialization-HASH_GLOB' 0.10559999942779541
Time for 'daemon-message-serialization-GLOB' 0.016300000250339508
Time for 'daemon-message-serialization-HASH_MULTI_GLOB' 0.011500000022351742
Time for 'daemon-message-serialization-HASH_GLOB' 0.015399999916553497
[NX v22.3.3 Daemon Server] - 2026-01-10T15:11:43.667Z - Received raw message of length 72
[NX v22.3.3 Daemon Server] - 2026-01-10T15:11:43.667Z - Received json message of type HASH_GLOB
Time for 'nx/core/project-json:createNodes' 0.7124999994412065
Time for 'nx/core/package-json:createNodes' 1.4618999995291233
[NX v22.3.3 Daemon Server] - 2026-01-10T15:11:43.668Z - Serializing response for HASH_GLOB message in json mode
[NX v22.3.3 Daemon Server] - 2026-01-10T15:11:43.668Z - Responding to HASH_GLOB message
[NX v22.3.3 Daemon Server] - 2026-01-10T15:11:43.668Z - [REQUEST]: Responding to the client. handleHashGlob
[NX v22.3.3 Daemon Server] - 2026-01-10T15:11:43.670Z - Received raw message of length 73
[NX v22.3.3 Daemon Server] - 2026-01-10T15:11:43.670Z - Received json message of type GLOB
Time for '@nx/playwright/plugin:createNodes' 9.721900000236928
Time for 'HASH_GLOB round trip' 6.888100000098348
Time for 'deserialize daemon response - HASH_GLOB' 0.03780000004917383
[NX v22.3.3 Daemon Server] - 2026-01-10T15:11:43.671Z - Serializing response for GLOB message in json mode
[NX v22.3.3 Daemon Server] - 2026-01-10T15:11:43.671Z - Responding to GLOB message
[NX v22.3.3 Daemon Server] - 2026-01-10T15:11:43.671Z - [REQUEST]: Responding to the client. handleGlob
[NX v22.3.3 Daemon Server] - 2026-01-10T15:11:43.672Z - Received raw message of length 60
[NX v22.3.3 Daemon Server] - 2026-01-10T15:11:43.672Z - Received json message of type HASH_MULTI_GLOB
Time for 'GLOB round trip' 7.080000000074506
Time for 'deserialize daemon response - GLOB' 0.04470000043511391
Time for 'daemon-message-serialization-HASH_MULTI_GLOB' 0.01860000006854534
[NX v22.3.3 Daemon Server] - 2026-01-10T15:11:43.673Z - Serializing response for HASH_GLOB message in json mode
[NX v22.3.3 Daemon Server] - 2026-01-10T15:11:43.673Z - Responding to HASH_GLOB message
[NX v22.3.3 Daemon Server] - 2026-01-10T15:11:43.673Z - [REQUEST]: Responding to the client. handleHashMultiGlob
[NX v22.3.3 Daemon Server] - 2026-01-10T15:11:43.674Z - Received raw message of length 67
[NX v22.3.3 Daemon Server] - 2026-01-10T15:11:43.674Z - Received json message of type HASH_GLOB
Time for '@nx/jest/plugin:createNodes' 9.510300000198185
Time for 'HASH_MULTI_GLOB round trip' 6.836099999956787
Time for 'deserialize daemon response - HASH_MULTI_GLOB' 0.02440000046044588
[NX v22.3.3 Daemon Server] - 2026-01-10T15:11:43.674Z - Serializing response for HASH_GLOB message in json mode
[NX v22.3.3 Daemon Server] - 2026-01-10T15:11:43.674Z - Responding to HASH_GLOB message
[NX v22.3.3 Daemon Server] - 2026-01-10T15:11:43.675Z - [REQUEST]: Responding to the client. handleHashGlob
[NX v22.3.3 Daemon Server] - 2026-01-10T15:11:43.675Z - Time taken for 'hash changed files from watcher' 1.4823000002652407ms
[NX v22.3.3 Daemon Server] - 2026-01-10T15:11:43.675Z - Done responding to the client handleHashGlob
[NX v22.3.3 Daemon Server] - 2026-01-10T15:11:43.675Z - Handled json message HASH_GLOB. Handling time: 1. Response time: 7.
[NX v22.3.3 Daemon Server] - 2026-01-10T15:11:43.675Z - Done responding to the client handleGlob
[NX v22.3.3 Daemon Server] - 2026-01-10T15:11:43.675Z - Handled json message GLOB. Handling time: 1. Response time: 4.
[NX v22.3.3 Daemon Server] - 2026-01-10T15:11:43.676Z - Received raw message of length 586
[NX v22.3.3 Daemon Server] - 2026-01-10T15:11:43.676Z - Received json message of type HASH_MULTI_GLOB
Time for '@nx/webpack/plugin:createNodes' 12.720700000412762
Time for 'HASH_GLOB round trip' 8.552399999462068
Time for 'deserialize daemon response - HASH_GLOB' 0.02759999968111515
Time for 'nx/js/dependencies-and-lockfile:createNodes' 11.547399999573827
[NX v22.3.3 Daemon Server] - 2026-01-10T15:11:43.678Z - Serializing response for HASH_GLOB message in json mode
[NX v22.3.3 Daemon Server] - 2026-01-10T15:11:43.678Z - Responding to HASH_GLOB message
[NX v22.3.3 Daemon Server] - 2026-01-10T15:11:43.679Z - [REQUEST]: Responding to the client. handleHashMultiGlob
[NX v22.3.3 Daemon Server] - 2026-01-10T15:11:43.679Z - Done responding to the client handleHashMultiGlob
[NX v22.3.3 Daemon Server] - 2026-01-10T15:11:43.679Z - Handled json message HASH_GLOB. Handling time: 1. Response time: 6.
[NX v22.3.3 Daemon Server] - 2026-01-10T15:11:43.679Z - Done responding to the client handleHashGlob
[NX v22.3.3 Daemon Server] - 2026-01-10T15:11:43.679Z - Handled json message HASH_GLOB. Handling time: 0. Response time: 5.
Time for 'HASH_MULTI_GLOB round trip' 6.574400000274181
Time for 'deserialize daemon response - HASH_MULTI_GLOB' 0.015999999828636646
[NX v22.3.3 Daemon Server] - 2026-01-10T15:11:43.682Z - Done responding to the client handleHashMultiGlob
[NX v22.3.3 Daemon Server] - 2026-01-10T15:11:43.682Z - Handled json message HASH_GLOB. Handling time: 2. Response time: 4.
Time for '@nx/eslint/plugin:createNodes' 43.48039999976754
Unable to find local plugin [] Map(0) {}
[NX v22.3.3 Daemon Server] - 2026-01-10T15:11:43.719Z - Time taken for 'build-project-configs' 50.06389999948442ms
Time for 'build typescript dependencies' 4.4557999996468425
[NX v22.3.3 Daemon Server] - 2026-01-10T15:11:43.743Z - [SYNC]: collect registered sync generators
[NX v22.3.3 Daemon Server] - 2026-01-10T15:11:43.744Z - [SYNC]: project graph hash is the same, not collecting task sync generators
[NX v22.3.3 Daemon Server] - 2026-01-10T15:11:43.744Z - [SYNC]: nx.json hash is the same, not collecting global sync generators
[NX v22.3.3 Daemon Server] - 2026-01-10T15:11:43.744Z - Time taken for 'total execution time for createProjectGraph()' 29.729499999433756ms
[NX v22.3.3 Daemon Server] - 2026-01-10T15:11:56.398Z - [WATCHER]: Processing file changes in outputs
[NX v22.3.3 Daemon Server] - 2026-01-10T15:11:56.399Z - [WATCHER]: .idea/dataSources/fc894f9a-d6b4-48c4-a8e0-6261b69bc26b/storage_v2/_src_/database/postgres.edMnLQ/schema/sideboard-db.HCtM0g.meta was modified
[NX v22.3.3 Daemon Server] - 2026-01-10T15:11:56.400Z - [SYNC]: clearing sync generators cache due to file changes
[NX v22.3.3 Daemon Server] - 2026-01-10T15:11:58.010Z - [REQUEST]: Updated workspace context based on watched changes, recomputing project graph...
[NX v22.3.3 Daemon Server] - 2026-01-10T15:11:58.010Z - [REQUEST]: .idea/dataSources/fc894f9a-d6b4-48c4-a8e0-6261b69bc26b/storage_v2/_src_/database/postgres.edMnLQ/schema/sideboard-db.HCtM0g.meta
[NX v22.3.3 Daemon Server] - 2026-01-10T15:11:58.010Z - [REQUEST]: 
Time for 'daemon-message-serialization-HASH_GLOB' 0.04889999981969595
[NX v22.3.3 Daemon Server] - 2026-01-10T15:11:58.013Z - Time taken for 'hash changed files from watcher' 0.3738000001758337ms
Time for 'daemon-message-serialization-GLOB' 0.011900000274181366
[NX v22.3.3 Daemon Server] - 2026-01-10T15:11:58.014Z - Received raw message of length 72
[NX v22.3.3 Daemon Server] - 2026-01-10T15:11:58.014Z - Received json message of type HASH_GLOB
Time for 'nx/core/project-json:createNodes' 0.659599999897182
Time for 'nx/core/package-json:createNodes' 1.208700000308454
[NX v22.3.3 Daemon Server] - 2026-01-10T15:11:58.015Z - Serializing response for HASH_GLOB message in json mode
[NX v22.3.3 Daemon Server] - 2026-01-10T15:11:58.015Z - Responding to HASH_GLOB message
Time for 'daemon-message-serialization-HASH_MULTI_GLOB' 0.01619999948889017
[NX v22.3.3 Daemon Server] - 2026-01-10T15:11:58.015Z - [REQUEST]: Responding to the client. handleHashGlob
Time for 'daemon-message-serialization-HASH_GLOB' 0.0613000001758337
[NX v22.3.3 Daemon Server] - 2026-01-10T15:11:58.015Z - Received raw message of length 73
[NX v22.3.3 Daemon Server] - 2026-01-10T15:11:58.015Z - Received json message of type GLOB
[NX v22.3.3 Daemon Server] - 2026-01-10T15:11:58.016Z - Serializing response for GLOB message in json mode
[NX v22.3.3 Daemon Server] - 2026-01-10T15:11:58.016Z - Responding to GLOB message
Time for '@nx/playwright/plugin:createNodes' 3.7986000003293157
[NX v22.3.3 Daemon Server] - 2026-01-10T15:11:58.016Z - [REQUEST]: Responding to the client. handleGlob
Time for 'HASH_GLOB round trip' 1.865799999795854
Time for 'deserialize daemon response - HASH_GLOB' 0.013400000520050526
Time for 'GLOB round trip' 2.7041999995708466
Time for 'deserialize daemon response - GLOB' 0.014600000344216824
Time for 'daemon-message-serialization-HASH_MULTI_GLOB' 0.011699999682605267
[NX v22.3.3 Daemon Server] - 2026-01-10T15:11:58.016Z - Received raw message of length 67
[NX v22.3.3 Daemon Server] - 2026-01-10T15:11:58.017Z - Received json message of type HASH_GLOB
[NX v22.3.3 Daemon Server] - 2026-01-10T15:11:58.017Z - Serializing response for HASH_GLOB message in json mode
[NX v22.3.3 Daemon Server] - 2026-01-10T15:11:58.017Z - Responding to HASH_GLOB message
[NX v22.3.3 Daemon Server] - 2026-01-10T15:11:58.017Z - [REQUEST]: Responding to the client. handleHashGlob
[NX v22.3.3 Daemon Server] - 2026-01-10T15:11:58.017Z - Done responding to the client handleHashGlob
[NX v22.3.3 Daemon Server] - 2026-01-10T15:11:58.017Z - Handled json message HASH_GLOB. Handling time: 1. Response time: 2.
[NX v22.3.3 Daemon Server] - 2026-01-10T15:11:58.017Z - Done responding to the client handleGlob
[NX v22.3.3 Daemon Server] - 2026-01-10T15:11:58.017Z - Handled json message GLOB. Handling time: 1. Response time: 1.
[NX v22.3.3 Daemon Server] - 2026-01-10T15:11:58.018Z - Received raw message of length 60
[NX v22.3.3 Daemon Server] - 2026-01-10T15:11:58.018Z - Received json message of type HASH_MULTI_GLOB
Time for '@nx/webpack/plugin:createNodes' 5.0585000002756715
Time for 'HASH_GLOB round trip' 2.391499999910593
Time for 'deserialize daemon response - HASH_GLOB' 0.011600000783801079
[NX v22.3.3 Daemon Server] - 2026-01-10T15:11:58.018Z - Serializing response for HASH_GLOB message in json mode
[NX v22.3.3 Daemon Server] - 2026-01-10T15:11:58.018Z - Responding to HASH_GLOB message
[NX v22.3.3 Daemon Server] - 2026-01-10T15:11:58.018Z - [REQUEST]: Responding to the client. handleHashMultiGlob
[NX v22.3.3 Daemon Server] - 2026-01-10T15:11:58.019Z - Received raw message of length 586
[NX v22.3.3 Daemon Server] - 2026-01-10T15:11:58.019Z - Received json message of type HASH_MULTI_GLOB
Time for '@nx/jest/plugin:createNodes' 5.981900000013411
Time for 'HASH_MULTI_GLOB round trip' 3.8598000006750226
Time for 'deserialize daemon response - HASH_MULTI_GLOB' 0.01140000019222498
[NX v22.3.3 Daemon Server] - 2026-01-10T15:11:58.020Z - Serializing response for HASH_GLOB message in json mode
[NX v22.3.3 Daemon Server] - 2026-01-10T15:11:58.020Z - Responding to HASH_GLOB message
[NX v22.3.3 Daemon Server] - 2026-01-10T15:11:58.020Z - [REQUEST]: Responding to the client. handleHashMultiGlob
[NX v22.3.3 Daemon Server] - 2026-01-10T15:11:58.020Z - Done responding to the client handleHashGlob
[NX v22.3.3 Daemon Server] - 2026-01-10T15:11:58.020Z - Handled json message HASH_GLOB. Handling time: 0. Response time: 3.
[NX v22.3.3 Daemon Server] - 2026-01-10T15:11:58.020Z - Done responding to the client handleHashMultiGlob
[NX v22.3.3 Daemon Server] - 2026-01-10T15:11:58.020Z - Handled json message HASH_GLOB. Handling time: 0. Response time: 2.
[NX v22.3.3 Daemon Server] - 2026-01-10T15:11:58.020Z - Done responding to the client handleHashMultiGlob
[NX v22.3.3 Daemon Server] - 2026-01-10T15:11:58.020Z - Handled json message HASH_GLOB. Handling time: 1. Response time: 0.
Time for 'HASH_MULTI_GLOB round trip' 3.8399999998509884
Time for 'deserialize daemon response - HASH_MULTI_GLOB' 0.0071000000461936
Time for 'nx/js/dependencies-and-lockfile:createNodes' 8.380299999378622
Time for '@nx/eslint/plugin:createNodes' 28.84529999922961
Unable to find local plugin [] Map(0) {}
[NX v22.3.3 Daemon Server] - 2026-01-10T15:11:58.049Z - Time taken for 'build-project-configs' 31.87510000076145ms
Time for 'build typescript dependencies' 3.381099999882281
[NX v22.3.3 Daemon Server] - 2026-01-10T15:11:58.066Z - [SYNC]: collect registered sync generators
[NX v22.3.3 Daemon Server] - 2026-01-10T15:11:58.067Z - [SYNC]: project graph hash is the same, not collecting task sync generators
[NX v22.3.3 Daemon Server] - 2026-01-10T15:11:58.067Z - [SYNC]: nx.json hash is the same, not collecting global sync generators
[NX v22.3.3 Daemon Server] - 2026-01-10T15:11:58.067Z - Time taken for 'total execution time for createProjectGraph()' 19.97649999987334ms
[NX v22.3.3 Daemon Server] - 2026-01-10T15:11:58.235Z - Established a connection. Number of open connections: 5
[NX v22.3.3 Daemon Server] - 2026-01-10T15:11:58.235Z - Closed a connection. Number of open connections: 4
[NX v22.3.3 Daemon Server] - 2026-01-10T15:11:58.235Z - Established a connection. Number of open connections: 5
[NX v22.3.3 Daemon Server] - 2026-01-10T15:11:58.812Z - Received raw message of length 32
[NX v22.3.3 Daemon Server] - 2026-01-10T15:11:58.812Z - Received json message of type GET_NX_CONSOLE_STATUS
[NX v22.3.3 Daemon Server] - 2026-01-10T15:11:58.812Z - Serializing response for GET_NX_CONSOLE_STATUS message in json mode
[NX v22.3.3 Daemon Server] - 2026-01-10T15:11:58.812Z - Responding to GET_NX_CONSOLE_STATUS message
[NX v22.3.3 Daemon Server] - 2026-01-10T15:11:58.812Z - [REQUEST]: Responding to the client. handleGetNxConsoleStatus
[NX v22.3.3 Daemon Server] - 2026-01-10T15:11:58.812Z - Done responding to the client handleGetNxConsoleStatus
[NX v22.3.3 Daemon Server] - 2026-01-10T15:11:58.812Z - Handled json message GET_NX_CONSOLE_STATUS. Handling time: 0. Response time: 0.
[NX v22.3.3 Daemon Server] - 2026-01-10T15:11:58.984Z - Received raw message of length 32
[NX v22.3.3 Daemon Server] - 2026-01-10T15:11:58.984Z - Received json message of type REQUEST_PROJECT_GRAPH
[NX v22.3.3 Daemon Server] - 2026-01-10T15:11:58.984Z - [REQUEST]: Client Request for Project Graph Received
[NX v22.3.3 Daemon Server] - 2026-01-10T15:11:58.984Z - Reusing in-memory cached project graph because no files changed.
[NX v22.3.3 Daemon Server] - 2026-01-10T15:11:58.991Z - Wrote project graph cache to C:\Users\mariu\WebstormProjects\Sideboard\.nx\workspace-data\project-graph.json
[NX v22.3.3 Daemon Server] - 2026-01-10T15:11:58.991Z - Serializing response for REQUEST_PROJECT_GRAPH message in json mode
[NX v22.3.3 Daemon Server] - 2026-01-10T15:11:58.991Z - Responding to REQUEST_PROJECT_GRAPH message
[NX v22.3.3 Daemon Server] - 2026-01-10T15:11:58.991Z - [REQUEST]: Responding to the client. project-graph
[NX v22.3.3 Daemon Server] - 2026-01-10T15:11:58.992Z - Time taken for 'total for creating and serializing project graph' 7.587199999950826ms
[NX v22.3.3 Daemon Server] - 2026-01-10T15:11:58.993Z - Done responding to the client project-graph
[NX v22.3.3 Daemon Server] - 2026-01-10T15:11:58.993Z - Handled json message REQUEST_PROJECT_GRAPH. Handling time: 7. Response time: 2.
[NX v22.3.3 Daemon Server] - 2026-01-10T15:11:58.997Z - Received raw message of length 1260
[NX v22.3.3 Daemon Server] - 2026-01-10T15:11:58.997Z - Received json message of type PRE_TASKS_EXECUTION
[NX v22.3.3 Daemon Server] - 2026-01-10T15:11:58.998Z - Serializing response for PRE_TASKS_EXECUTION message in json mode
[NX v22.3.3 Daemon Server] - 2026-01-10T15:11:58.998Z - Responding to PRE_TASKS_EXECUTION message
[NX v22.3.3 Daemon Server] - 2026-01-10T15:11:58.998Z - [REQUEST]: Responding to the client. handleRunPreTasksExecution
[NX v22.3.3 Daemon Server] - 2026-01-10T15:11:58.998Z - Time taken for 'preTasksExecution' 0.2824000008404255ms
[NX v22.3.3 Daemon Server] - 2026-01-10T15:11:58.998Z - Done responding to the client handleRunPreTasksExecution
[NX v22.3.3 Daemon Server] - 2026-01-10T15:11:58.998Z - Handled json message PRE_TASKS_EXECUTION. Handling time: 1. Response time: 0.
[NX v22.3.3 Daemon Server] - 2026-01-10T15:11:59.024Z - Received raw message of length 5703
[NX v22.3.3 Daemon Server] - 2026-01-10T15:11:59.024Z - Received json message of type HASH_TASKS
[NX v22.3.3 Daemon Server] - 2026-01-10T15:11:59.025Z - Reusing in-memory cached project graph because no files changed.
[NX v22.3.3 Daemon Server] - 2026-01-10T15:11:59.032Z - Wrote project graph cache to C:\Users\mariu\WebstormProjects\Sideboard\.nx\workspace-data\project-graph.json
DEBUG nx::native::tasks::hash_planner: get_plans_internal COMPLETED in 2.7483ms - processed 1 tasks (setup: 2.4495ms, parallel_planning: 295.2µs)
DEBUG nx::native::tasks::hashers::hash_workspace_files: Hashing workspace fileset{cache_key="nx.json,.gitignore,.nxignore"}: Adding "16220110815332185737" (".gitignore") to hash
DEBUG nx::native::tasks::hashers::hash_workspace_files: Hashing workspace fileset{cache_key="nx.json,.gitignore,.nxignore"}: Adding "9691923261939552420" ("nx.json") to hash
DEBUG nx::native::tasks::hashers::hash_workspace_files: Hashing workspace fileset{cache_key="nx.json,.gitignore,.nxignore"}: Hash Value: "5666588748370749329"
DEBUG nx::native::tasks::task_hasher: hash_plans COMPLETED in 2.5075ms - processed 1 plans (setup: 208.2µs, hashing: 2.298ms, assembly: 1.0905ms)
[NX v22.3.3 Daemon Server] - 2026-01-10T15:11:59.042Z - Serializing response for HASH_TASKS message in json mode
[NX v22.3.3 Daemon Server] - 2026-01-10T15:11:59.042Z - Responding to HASH_TASKS message
[NX v22.3.3 Daemon Server] - 2026-01-10T15:11:59.042Z - [REQUEST]: Responding to the client. handleHashTasks
[NX v22.3.3 Daemon Server] - 2026-01-10T15:11:59.042Z - Time taken for 'write cache' 7.1081000007689ms
[NX v22.3.3 Daemon Server] - 2026-01-10T15:11:59.043Z - Done responding to the client handleHashTasks
[NX v22.3.3 Daemon Server] - 2026-01-10T15:11:59.043Z - Handled json message HASH_TASKS. Handling time: 18. Response time: 1.
[NX v22.3.3 Daemon Server] - 2026-01-10T15:11:59.068Z - Received raw message of length 88
[NX v22.3.3 Daemon Server] - 2026-01-10T15:11:59.068Z - Received json message of type GET_ESTIMATED_TASK_TIMINGS
[NX v22.3.3 Daemon Server] - 2026-01-10T15:11:59.068Z - Serializing response for GET_ESTIMATED_TASK_TIMINGS message in json mode
[NX v22.3.3 Daemon Server] - 2026-01-10T15:11:59.068Z - Responding to GET_ESTIMATED_TASK_TIMINGS message
[NX v22.3.3 Daemon Server] - 2026-01-10T15:11:59.068Z - [REQUEST]: Responding to the client. handleGetEstimatedTaskTimings
[NX v22.3.3 Daemon Server] - 2026-01-10T15:11:59.068Z - Done responding to the client handleGetEstimatedTaskTimings
[NX v22.3.3 Daemon Server] - 2026-01-10T15:11:59.068Z - Handled json message GET_ESTIMATED_TASK_TIMINGS. Handling time: 0. Response time: 0.
[NX v22.3.3 Daemon Server] - 2026-01-10T15:12:10.852Z - [WATCHER]: Processing file changes in outputs
[NX v22.3.3 Daemon Server] - 2026-01-10T15:12:10.853Z - [WATCHER]: 1 file(s) created or restored, 0 file(s) modified, 1 file(s) deleted
[NX v22.3.3 Daemon Server] - 2026-01-10T15:12:10.853Z - [SYNC]: clearing sync generators cache due to file changes
[NX v22.3.3 Daemon Server] - 2026-01-10T15:12:10.962Z - [REQUEST]: Updated workspace context based on watched changes, recomputing project graph...
[NX v22.3.3 Daemon Server] - 2026-01-10T15:12:10.962Z - [REQUEST]: .idea/dataSources/fc894f9a-d6b4-48c4-a8e0-6261b69bc26b.xml
[NX v22.3.3 Daemon Server] - 2026-01-10T15:12:10.962Z - [REQUEST]: .idea/dataSources/fc894f9a-d6b4-48c4-a8e0-6261b69bc26b.xml.tmp
Time for 'daemon-message-serialization-HASH_GLOB' 0.013599999248981476
Time for 'daemon-message-serialization-GLOB' 0.009600000455975533
Time for 'nx/core/project-json:createNodes' 0.4592000003904104
Time for 'daemon-message-serialization-HASH_MULTI_GLOB' 0.021900000050663948
Time for 'nx/core/package-json:createNodes' 1.5937999999150634
[NX v22.3.3 Daemon Server] - 2026-01-10T15:12:10.967Z - Received raw message of length 72
[NX v22.3.3 Daemon Server] - 2026-01-10T15:12:10.967Z - Received json message of type HASH_GLOB
Time for 'daemon-message-serialization-HASH_GLOB' 0.0939999995753169
[NX v22.3.3 Daemon Server] - 2026-01-10T15:12:10.968Z - Serializing response for HASH_GLOB message in json mode
[NX v22.3.3 Daemon Server] - 2026-01-10T15:12:10.968Z - Responding to HASH_GLOB message
[NX v22.3.3 Daemon Server] - 2026-01-10T15:12:10.968Z - [REQUEST]: Responding to the client. handleHashGlob
[NX v22.3.3 Daemon Server] - 2026-01-10T15:12:10.968Z - Time taken for 'hash changed files from watcher' 0.6266000000759959ms
[NX v22.3.3 Daemon Server] - 2026-01-10T15:12:10.968Z - Received raw message of length 73
[NX v22.3.3 Daemon Server] - 2026-01-10T15:12:10.969Z - Received json message of type GLOB
Time for '@nx/playwright/plugin:createNodes' 4.885599999688566
Time for 'HASH_GLOB round trip' 3.1726999999955297
Time for 'deserialize daemon response - HASH_GLOB' 0.014299999922513962
[NX v22.3.3 Daemon Server] - 2026-01-10T15:12:10.969Z - Serializing response for GLOB message in json mode
[NX v22.3.3 Daemon Server] - 2026-01-10T15:12:10.969Z - Responding to GLOB message
[NX v22.3.3 Daemon Server] - 2026-01-10T15:12:10.969Z - [REQUEST]: Responding to the client. handleGlob
Time for 'GLOB round trip' 3.716099999845028
Time for 'deserialize daemon response - GLOB' 0.011500000022351742
Time for 'daemon-message-serialization-HASH_MULTI_GLOB' 0.010799999348819256
[NX v22.3.3 Daemon Server] - 2026-01-10T15:12:10.970Z - Received raw message of length 60
[NX v22.3.3 Daemon Server] - 2026-01-10T15:12:10.970Z - Received json message of type HASH_MULTI_GLOB
[NX v22.3.3 Daemon Server] - 2026-01-10T15:12:10.970Z - Serializing response for HASH_GLOB message in json mode
[NX v22.3.3 Daemon Server] - 2026-01-10T15:12:10.970Z - Responding to HASH_GLOB message
[NX v22.3.3 Daemon Server] - 2026-01-10T15:12:10.970Z - [REQUEST]: Responding to the client. handleHashMultiGlob
[NX v22.3.3 Daemon Server] - 2026-01-10T15:12:10.971Z - Received raw message of length 67
[NX v22.3.3 Daemon Server] - 2026-01-10T15:12:10.971Z - Received json message of type HASH_GLOB
Time for '@nx/jest/plugin:createNodes' 5.9402000000700355
Time for 'HASH_MULTI_GLOB round trip' 3.689100000075996
Time for 'deserialize daemon response - HASH_MULTI_GLOB' 0.011699999682605267
[NX v22.3.3 Daemon Server] - 2026-01-10T15:12:10.971Z - Serializing response for HASH_GLOB message in json mode
[NX v22.3.3 Daemon Server] - 2026-01-10T15:12:10.971Z - Responding to HASH_GLOB message
[NX v22.3.3 Daemon Server] - 2026-01-10T15:12:10.971Z - [REQUEST]: Responding to the client. handleHashGlob
[NX v22.3.3 Daemon Server] - 2026-01-10T15:12:10.971Z - Done responding to the client handleHashGlob
[NX v22.3.3 Daemon Server] - 2026-01-10T15:12:10.971Z - Handled json message HASH_GLOB. Handling time: 1. Response time: 3.
[NX v22.3.3 Daemon Server] - 2026-01-10T15:12:10.971Z - Done responding to the client handleGlob
[NX v22.3.3 Daemon Server] - 2026-01-10T15:12:10.971Z - Handled json message GLOB. Handling time: 0. Response time: 2.
[NX v22.3.3 Daemon Server] - 2026-01-10T15:12:10.972Z - Received raw message of length 586
[NX v22.3.3 Daemon Server] - 2026-01-10T15:12:10.972Z - Received json message of type HASH_MULTI_GLOB
Time for '@nx/webpack/plugin:createNodes' 7.014600000344217
Time for 'HASH_GLOB round trip' 4.147299999371171
Time for 'deserialize daemon response - HASH_GLOB' 0.012399999424815178
[NX v22.3.3 Daemon Server] - 2026-01-10T15:12:10.973Z - Serializing response for HASH_GLOB message in json mode
[NX v22.3.3 Daemon Server] - 2026-01-10T15:12:10.973Z - Responding to HASH_GLOB message
[NX v22.3.3 Daemon Server] - 2026-01-10T15:12:10.973Z - [REQUEST]: Responding to the client. handleHashMultiGlob
[NX v22.3.3 Daemon Server] - 2026-01-10T15:12:10.973Z - Done responding to the client handleHashMultiGlob
[NX v22.3.3 Daemon Server] - 2026-01-10T15:12:10.973Z - Handled json message HASH_GLOB. Handling time: 0. Response time: 3.
[NX v22.3.3 Daemon Server] - 2026-01-10T15:12:10.973Z - Done responding to the client handleHashGlob
[NX v22.3.3 Daemon Server] - 2026-01-10T15:12:10.973Z - Handled json message HASH_GLOB. Handling time: 0. Response time: 2.
[NX v22.3.3 Daemon Server] - 2026-01-10T15:12:10.973Z - Done responding to the client handleHashMultiGlob
[NX v22.3.3 Daemon Server] - 2026-01-10T15:12:10.973Z - Handled json message HASH_GLOB. Handling time: 1. Response time: 0.
Time for 'nx/js/dependencies-and-lockfile:createNodes' 7.583999999798834
Time for 'HASH_MULTI_GLOB round trip' 3.786199999973178
Time for 'deserialize daemon response - HASH_MULTI_GLOB' 0.008699999190866947
Time for '@nx/eslint/plugin:createNodes' 27.59059999976307
Unable to find local plugin [] Map(0) {}
[NX v22.3.3 Daemon Server] - 2026-01-10T15:12:11.000Z - Time taken for 'build-project-configs' 31.066400000825524ms
Time for 'build typescript dependencies' 2.4043999994173646
[NX v22.3.3 Daemon Server] - 2026-01-10T15:12:11.014Z - [SYNC]: collect registered sync generators
[NX v22.3.3 Daemon Server] - 2026-01-10T15:12:11.014Z - [SYNC]: project graph hash is the same, not collecting task sync generators
[NX v22.3.3 Daemon Server] - 2026-01-10T15:12:11.014Z - [SYNC]: nx.json hash is the same, not collecting global sync generators
[NX v22.3.3 Daemon Server] - 2026-01-10T15:12:11.014Z - Time taken for 'total execution time for createProjectGraph()' 16.7992000002414ms
[NX v22.3.3 Daemon Server] - 2026-01-10T15:12:30.110Z - Received raw message of length 81
[NX v22.3.3 Daemon Server] - 2026-01-10T15:12:30.110Z - Received json message of type RECORD_OUTPUTS_HASH
[NX v22.3.3 Daemon Server] - 2026-01-10T15:12:30.110Z - Serializing response for RECORD_OUTPUTS_HASH message in json mode
[NX v22.3.3 Daemon Server] - 2026-01-10T15:12:30.110Z - Responding to RECORD_OUTPUTS_HASH message
[NX v22.3.3 Daemon Server] - 2026-01-10T15:12:30.110Z - [REQUEST]: Responding to the client. recordOutputsHash
[NX v22.3.3 Daemon Server] - 2026-01-10T15:12:30.110Z - Done responding to the client recordOutputsHash
[NX v22.3.3 Daemon Server] - 2026-01-10T15:12:30.110Z - Handled json message RECORD_OUTPUTS_HASH. Handling time: 0. Response time: 0.
[NX v22.3.3 Daemon Server] - 2026-01-10T15:12:30.114Z - Received raw message of length 189
[NX v22.3.3 Daemon Server] - 2026-01-10T15:12:30.114Z - Received json message of type RECORD_TASK_RUNS
[NX v22.3.3 Daemon Server] - 2026-01-10T15:12:30.116Z - Serializing response for RECORD_TASK_RUNS message in json mode
[NX v22.3.3 Daemon Server] - 2026-01-10T15:12:30.116Z - Responding to RECORD_TASK_RUNS message
[NX v22.3.3 Daemon Server] - 2026-01-10T15:12:30.116Z - [REQUEST]: Responding to the client. handleRecordTaskRuns
[NX v22.3.3 Daemon Server] - 2026-01-10T15:12:30.116Z - Done responding to the client handleRecordTaskRuns
[NX v22.3.3 Daemon Server] - 2026-01-10T15:12:30.116Z - Handled json message RECORD_TASK_RUNS. Handling time: 2. Response time: 0.
[NX v22.3.3 Daemon Server] - 2026-01-10T15:12:30.117Z - Received raw message of length 59
[NX v22.3.3 Daemon Server] - 2026-01-10T15:12:30.117Z - Received json message of type GET_FLAKY_TASKS
[NX v22.3.3 Daemon Server] - 2026-01-10T15:12:30.117Z - Serializing response for GET_FLAKY_TASKS message in json mode
[NX v22.3.3 Daemon Server] - 2026-01-10T15:12:30.117Z - Responding to GET_FLAKY_TASKS message
[NX v22.3.3 Daemon Server] - 2026-01-10T15:12:30.117Z - [REQUEST]: Responding to the client. handleGetFlakyTasks
[NX v22.3.3 Daemon Server] - 2026-01-10T15:12:30.117Z - Done responding to the client handleGetFlakyTasks
[NX v22.3.3 Daemon Server] - 2026-01-10T15:12:30.117Z - Handled json message GET_FLAKY_TASKS. Handling time: 0. Response time: 0.
[NX v22.3.3 Daemon Server] - 2026-01-10T15:12:30.120Z - Received raw message of length 71679
[NX v22.3.3 Daemon Server] - 2026-01-10T15:12:30.120Z - Received json message of type POST_TASKS_EXECUTION
[NX v22.3.3 Daemon Server] - 2026-01-10T15:12:30.121Z - Serializing response for POST_TASKS_EXECUTION message in json mode
[NX v22.3.3 Daemon Server] - 2026-01-10T15:12:30.121Z - Responding to POST_TASKS_EXECUTION message
[NX v22.3.3 Daemon Server] - 2026-01-10T15:12:30.121Z - [REQUEST]: Responding to the client. handleRunPostTasksExecution
[NX v22.3.3 Daemon Server] - 2026-01-10T15:12:30.121Z - Time taken for 'postTasksExecution' 0.2601000005379319ms
[NX v22.3.3 Daemon Server] - 2026-01-10T15:12:30.121Z - Done responding to the client handleRunPostTasksExecution
[NX v22.3.3 Daemon Server] - 2026-01-10T15:12:30.121Z - Handled json message POST_TASKS_EXECUTION. Handling time: 1. Response time: 0.
[NX v22.3.3 Daemon Server] - 2026-01-10T15:12:30.125Z - Closed a connection. Number of open connections: 4
[NX v22.3.3 Daemon Server] - 2026-01-10T15:12:43.840Z - [WATCHER]: Processing file changes in outputs
[NX v22.3.3 Daemon Server] - 2026-01-10T15:12:43.841Z - [WATCHER]: .idea/dataSources/fc894f9a-d6b4-48c4-a8e0-6261b69bc26b/storage_v2/_src_/database/postgres.edMnLQ/schema/sideboard.78_6kQ.meta was modified
[NX v22.3.3 Daemon Server] - 2026-01-10T15:12:43.841Z - [SYNC]: clearing sync generators cache due to file changes
[NX v22.3.3 Daemon Server] - 2026-01-10T15:12:44.056Z - [REQUEST]: Updated workspace context based on watched changes, recomputing project graph...
[NX v22.3.3 Daemon Server] - 2026-01-10T15:12:44.056Z - [REQUEST]: .idea/dataSources/fc894f9a-d6b4-48c4-a8e0-6261b69bc26b/storage_v2/_src_/database/postgres.edMnLQ/schema/sideboard.78_6kQ.meta
[NX v22.3.3 Daemon Server] - 2026-01-10T15:12:44.056Z - [REQUEST]: 
Time for 'daemon-message-serialization-HASH_GLOB' 0.011200000531971455
Time for 'daemon-message-serialization-GLOB' 0.013700000010430813
[NX v22.3.3 Daemon Server] - 2026-01-10T15:12:44.062Z - Received raw message of length 72
Time for 'nx/core/project-json:createNodes' 0.7281999997794628
[NX v22.3.3 Daemon Server] - 2026-01-10T15:12:44.062Z - Received json message of type HASH_GLOB
Time for 'daemon-message-serialization-HASH_MULTI_GLOB' 0.012899999506771564
Time for 'daemon-message-serialization-HASH_GLOB' 0.01209999993443489
Time for 'nx/core/package-json:createNodes' 1.2421000003814697
[NX v22.3.3 Daemon Server] - 2026-01-10T15:12:44.062Z - Serializing response for HASH_GLOB message in json mode
[NX v22.3.3 Daemon Server] - 2026-01-10T15:12:44.062Z - Responding to HASH_GLOB message
[NX v22.3.3 Daemon Server] - 2026-01-10T15:12:44.062Z - [REQUEST]: Responding to the client. handleHashGlob
[NX v22.3.3 Daemon Server] - 2026-01-10T15:12:44.062Z - Time taken for 'hash changed files from watcher' 0.5777000002563ms
[NX v22.3.3 Daemon Server] - 2026-01-10T15:12:44.063Z - Received raw message of length 73
[NX v22.3.3 Daemon Server] - 2026-01-10T15:12:44.063Z - Received json message of type GLOB
Time for '@nx/playwright/plugin:createNodes' 5.182500000111759
Time for 'HASH_GLOB round trip' 3.729100000113249
Time for 'deserialize daemon response - HASH_GLOB' 0.012900000438094139
[NX v22.3.3 Daemon Server] - 2026-01-10T15:12:44.064Z - Serializing response for GLOB message in json mode
[NX v22.3.3 Daemon Server] - 2026-01-10T15:12:44.064Z - Responding to GLOB message
[NX v22.3.3 Daemon Server] - 2026-01-10T15:12:44.064Z - [REQUEST]: Responding to the client. handleGlob
Time for 'GLOB round trip' 2.328199999406934
Time for 'deserialize daemon response - GLOB' 0.01489999983459711
Time for 'daemon-message-serialization-HASH_MULTI_GLOB' 0.011300000362098217
[NX v22.3.3 Daemon Server] - 2026-01-10T15:12:44.064Z - Received raw message of length 60
[NX v22.3.3 Daemon Server] - 2026-01-10T15:12:44.064Z - Received json message of type HASH_MULTI_GLOB
[NX v22.3.3 Daemon Server] - 2026-01-10T15:12:44.065Z - Serializing response for HASH_GLOB message in json mode
[NX v22.3.3 Daemon Server] - 2026-01-10T15:12:44.065Z - Responding to HASH_GLOB message
[NX v22.3.3 Daemon Server] - 2026-01-10T15:12:44.065Z - [REQUEST]: Responding to the client. handleHashMultiGlob
[NX v22.3.3 Daemon Server] - 2026-01-10T15:12:44.065Z - Received raw message of length 67
[NX v22.3.3 Daemon Server] - 2026-01-10T15:12:44.065Z - Received json message of type HASH_GLOB
Time for '@nx/jest/plugin:createNodes' 5.049399999901652
Time for 'HASH_MULTI_GLOB round trip' 2.9496999997645617
Time for 'deserialize daemon response - HASH_MULTI_GLOB' 0.01360000018030405
[NX v22.3.3 Daemon Server] - 2026-01-10T15:12:44.066Z - Serializing response for HASH_GLOB message in json mode
[NX v22.3.3 Daemon Server] - 2026-01-10T15:12:44.066Z - Responding to HASH_GLOB message
[NX v22.3.3 Daemon Server] - 2026-01-10T15:12:44.066Z - [REQUEST]: Responding to the client. handleHashGlob
[NX v22.3.3 Daemon Server] - 2026-01-10T15:12:44.066Z - Done responding to the client handleHashGlob
[NX v22.3.3 Daemon Server] - 2026-01-10T15:12:44.066Z - Handled json message HASH_GLOB. Handling time: 0. Response time: 4.
[NX v22.3.3 Daemon Server] - 2026-01-10T15:12:44.066Z - Done responding to the client handleGlob
[NX v22.3.3 Daemon Server] - 2026-01-10T15:12:44.066Z - Handled json message GLOB. Handling time: 1. Response time: 2.
[NX v22.3.3 Daemon Server] - 2026-01-10T15:12:44.067Z - Received raw message of length 586
[NX v22.3.3 Daemon Server] - 2026-01-10T15:12:44.067Z - Received json message of type HASH_MULTI_GLOB
Time for '@nx/webpack/plugin:createNodes' 6.545099999755621
Time for 'HASH_GLOB round trip' 3.8542999997735023
Time for 'deserialize daemon response - HASH_GLOB' 0.012000000104308128
[NX v22.3.3 Daemon Server] - 2026-01-10T15:12:44.068Z - Serializing response for HASH_GLOB message in json mode
[NX v22.3.3 Daemon Server] - 2026-01-10T15:12:44.068Z - Responding to HASH_GLOB message
[NX v22.3.3 Daemon Server] - 2026-01-10T15:12:44.068Z - [REQUEST]: Responding to the client. handleHashMultiGlob
[NX v22.3.3 Daemon Server] - 2026-01-10T15:12:44.068Z - Done responding to the client handleHashMultiGlob
[NX v22.3.3 Daemon Server] - 2026-01-10T15:12:44.068Z - Handled json message HASH_GLOB. Handling time: 1. Response time: 3.
[NX v22.3.3 Daemon Server] - 2026-01-10T15:12:44.068Z - Done responding to the client handleHashGlob
[NX v22.3.3 Daemon Server] - 2026-01-10T15:12:44.068Z - Handled json message HASH_GLOB. Handling time: 1. Response time: 2.
[NX v22.3.3 Daemon Server] - 2026-01-10T15:12:44.068Z - Done responding to the client handleHashMultiGlob
[NX v22.3.3 Daemon Server] - 2026-01-10T15:12:44.068Z - Handled json message HASH_GLOB. Handling time: 1. Response time: 0.
Time for 'HASH_MULTI_GLOB round trip' 4.281299999915063
Time for 'deserialize daemon response - HASH_MULTI_GLOB' 0.027700000442564487
Time for 'nx/js/dependencies-and-lockfile:createNodes' 8.449899999424815
Time for '@nx/eslint/plugin:createNodes' 29.588399999774992
Unable to find local plugin [] Map(0) {}
[NX v22.3.3 Daemon Server] - 2026-01-10T15:12:44.099Z - Time taken for 'build-project-configs' 34.33070000074804ms
Time for 'build typescript dependencies' 2.9935999996960163
[NX v22.3.3 Daemon Server] - 2026-01-10T15:12:44.116Z - [SYNC]: collect registered sync generators
[NX v22.3.3 Daemon Server] - 2026-01-10T15:12:44.116Z - [SYNC]: project graph hash is the same, not collecting task sync generators
[NX v22.3.3 Daemon Server] - 2026-01-10T15:12:44.117Z - [SYNC]: nx.json hash is the same, not collecting global sync generators
[NX v22.3.3 Daemon Server] - 2026-01-10T15:12:44.117Z - Time taken for 'total execution time for createProjectGraph()' 20.704400000162423ms
[NX v22.3.3 Daemon Server] - 2026-01-10T15:12:54.468Z - Established a connection. Number of open connections: 5
[NX v22.3.3 Daemon Server] - 2026-01-10T15:12:54.468Z - Closed a connection. Number of open connections: 4
[NX v22.3.3 Daemon Server] - 2026-01-10T15:12:54.468Z - Established a connection. Number of open connections: 5
[NX v22.3.3 Daemon Server] - 2026-01-10T15:12:54.822Z - Received raw message of length 32
[NX v22.3.3 Daemon Server] - 2026-01-10T15:12:54.822Z - Received json message of type GET_NX_CONSOLE_STATUS
[NX v22.3.3 Daemon Server] - 2026-01-10T15:12:54.823Z - Serializing response for GET_NX_CONSOLE_STATUS message in json mode
[NX v22.3.3 Daemon Server] - 2026-01-10T15:12:54.823Z - Responding to GET_NX_CONSOLE_STATUS message
[NX v22.3.3 Daemon Server] - 2026-01-10T15:12:54.823Z - [REQUEST]: Responding to the client. handleGetNxConsoleStatus
[NX v22.3.3 Daemon Server] - 2026-01-10T15:12:54.823Z - Done responding to the client handleGetNxConsoleStatus
[NX v22.3.3 Daemon Server] - 2026-01-10T15:12:54.823Z - Handled json message GET_NX_CONSOLE_STATUS. Handling time: 1. Response time: 0.
[NX v22.3.3 Daemon Server] - 2026-01-10T15:12:54.889Z - Received raw message of length 32
[NX v22.3.3 Daemon Server] - 2026-01-10T15:12:54.889Z - Received json message of type REQUEST_PROJECT_GRAPH
[NX v22.3.3 Daemon Server] - 2026-01-10T15:12:54.889Z - [REQUEST]: Client Request for Project Graph Received
[NX v22.3.3 Daemon Server] - 2026-01-10T15:12:54.889Z - Reusing in-memory cached project graph because no files changed.
[NX v22.3.3 Daemon Server] - 2026-01-10T15:12:54.896Z - Wrote project graph cache to C:\Users\mariu\WebstormProjects\Sideboard\.nx\workspace-data\project-graph.json
[NX v22.3.3 Daemon Server] - 2026-01-10T15:12:54.896Z - Serializing response for REQUEST_PROJECT_GRAPH message in json mode
[NX v22.3.3 Daemon Server] - 2026-01-10T15:12:54.896Z - Responding to REQUEST_PROJECT_GRAPH message
[NX v22.3.3 Daemon Server] - 2026-01-10T15:12:54.896Z - [REQUEST]: Responding to the client. project-graph
[NX v22.3.3 Daemon Server] - 2026-01-10T15:12:54.897Z - Time taken for 'total for creating and serializing project graph' 7.544499999843538ms
[NX v22.3.3 Daemon Server] - 2026-01-10T15:12:54.898Z - Done responding to the client project-graph
[NX v22.3.3 Daemon Server] - 2026-01-10T15:12:54.898Z - Handled json message REQUEST_PROJECT_GRAPH. Handling time: 7. Response time: 2.
[NX v22.3.3 Daemon Server] - 2026-01-10T15:12:54.902Z - Received raw message of length 1260
[NX v22.3.3 Daemon Server] - 2026-01-10T15:12:54.902Z - Received json message of type PRE_TASKS_EXECUTION
[NX v22.3.3 Daemon Server] - 2026-01-10T15:12:54.902Z - Serializing response for PRE_TASKS_EXECUTION message in json mode
[NX v22.3.3 Daemon Server] - 2026-01-10T15:12:54.902Z - Responding to PRE_TASKS_EXECUTION message
[NX v22.3.3 Daemon Server] - 2026-01-10T15:12:54.902Z - [REQUEST]: Responding to the client. handleRunPreTasksExecution
[NX v22.3.3 Daemon Server] - 2026-01-10T15:12:54.902Z - Time taken for 'preTasksExecution' 0.31759999971836805ms
[NX v22.3.3 Daemon Server] - 2026-01-10T15:12:54.902Z - Done responding to the client handleRunPreTasksExecution
[NX v22.3.3 Daemon Server] - 2026-01-10T15:12:54.902Z - Handled json message PRE_TASKS_EXECUTION. Handling time: 0. Response time: 0.
[NX v22.3.3 Daemon Server] - 2026-01-10T15:12:54.929Z - Received raw message of length 5703
[NX v22.3.3 Daemon Server] - 2026-01-10T15:12:54.929Z - Received json message of type HASH_TASKS
[NX v22.3.3 Daemon Server] - 2026-01-10T15:12:54.929Z - Reusing in-memory cached project graph because no files changed.
[NX v22.3.3 Daemon Server] - 2026-01-10T15:12:54.935Z - Wrote project graph cache to C:\Users\mariu\WebstormProjects\Sideboard\.nx\workspace-data\project-graph.json
DEBUG nx::native::tasks::hash_planner: get_plans_internal COMPLETED in 2.7681ms - processed 1 tasks (setup: 2.4423ms, parallel_planning: 322.2µs)
DEBUG nx::native::tasks::hashers::hash_workspace_files: Hashing workspace fileset{cache_key="nx.json,.gitignore,.nxignore"}: Adding "16220110815332185737" (".gitignore") to hash
DEBUG nx::native::tasks::hashers::hash_workspace_files: Hashing workspace fileset{cache_key="nx.json,.gitignore,.nxignore"}: Adding "9691923261939552420" ("nx.json") to hash
DEBUG nx::native::tasks::hashers::hash_workspace_files: Hashing workspace fileset{cache_key="nx.json,.gitignore,.nxignore"}: Hash Value: "5666588748370749329"
DEBUG nx::native::tasks::task_hasher: hash_plans COMPLETED in 2.381ms - processed 1 plans (setup: 233µs, hashing: 2.1466ms, assembly: 1.3024ms)
[NX v22.3.3 Daemon Server] - 2026-01-10T15:12:54.946Z - Serializing response for HASH_TASKS message in json mode
[NX v22.3.3 Daemon Server] - 2026-01-10T15:12:54.946Z - Responding to HASH_TASKS message
[NX v22.3.3 Daemon Server] - 2026-01-10T15:12:54.946Z - [REQUEST]: Responding to the client. handleHashTasks
[NX v22.3.3 Daemon Server] - 2026-01-10T15:12:54.946Z - Time taken for 'write cache' 6.378299999982119ms
[NX v22.3.3 Daemon Server] - 2026-01-10T15:12:54.946Z - Done responding to the client handleHashTasks
[NX v22.3.3 Daemon Server] - 2026-01-10T15:12:54.946Z - Handled json message HASH_TASKS. Handling time: 17. Response time: 0.
[NX v22.3.3 Daemon Server] - 2026-01-10T15:12:54.957Z - Received raw message of length 88
[NX v22.3.3 Daemon Server] - 2026-01-10T15:12:54.957Z - Received json message of type GET_ESTIMATED_TASK_TIMINGS
[NX v22.3.3 Daemon Server] - 2026-01-10T15:12:54.957Z - Serializing response for GET_ESTIMATED_TASK_TIMINGS message in json mode
[NX v22.3.3 Daemon Server] - 2026-01-10T15:12:54.957Z - Responding to GET_ESTIMATED_TASK_TIMINGS message
[NX v22.3.3 Daemon Server] - 2026-01-10T15:12:54.957Z - [REQUEST]: Responding to the client. handleGetEstimatedTaskTimings
[NX v22.3.3 Daemon Server] - 2026-01-10T15:12:54.957Z - Done responding to the client handleGetEstimatedTaskTimings
[NX v22.3.3 Daemon Server] - 2026-01-10T15:12:54.957Z - Handled json message GET_ESTIMATED_TASK_TIMINGS. Handling time: 0. Response time: 0.
[NX v22.3.3 Daemon Server] - 2026-01-10T15:13:12.672Z - [WATCHER]: .idea/dataSources/fc894f9a-d6b4-48c4-a8e0-6261b69bc26b/storage_v2/_src_/database/postgres.edMnLQ/schema/sideboard.78_6kQ.meta was modified
[NX v22.3.3 Daemon Server] - 2026-01-10T15:13:12.672Z - [SYNC]: clearing sync generators cache due to file changes
[NX v22.3.3 Daemon Server] - 2026-01-10T15:13:12.672Z - [WATCHER]: Processing file changes in outputs
[NX v22.3.3 Daemon Server] - 2026-01-10T15:13:12.762Z - [WATCHER]: Processing file changes in outputs
[NX v22.3.3 Daemon Server] - 2026-01-10T15:13:12.763Z - [WATCHER]: .idea/dataSources/fc894f9a-d6b4-48c4-a8e0-6261b69bc26b/storage_v2/_src_/database/postgres.edMnLQ/schema/sideboard-db.HCtM0g.meta was modified
[NX v22.3.3 Daemon Server] - 2026-01-10T15:13:12.763Z - [SYNC]: clearing sync generators cache due to file changes
[NX v22.3.3 Daemon Server] - 2026-01-10T15:13:12.778Z - [REQUEST]: Updated workspace context based on watched changes, recomputing project graph...
[NX v22.3.3 Daemon Server] - 2026-01-10T15:13:12.778Z - [REQUEST]: .idea/dataSources/fc894f9a-d6b4-48c4-a8e0-6261b69bc26b/storage_v2/_src_/database/postgres.edMnLQ/schema/sideboard.78_6kQ.meta,.idea/dataSources/fc894f9a-d6b4-48c4-a8e0-6261b69bc26b/storage_v2/_src_/database/postgres.edMnLQ/schema/sideboard-db.HCtM0g.meta
[NX v22.3.3 Daemon Server] - 2026-01-10T15:13:12.778Z - [REQUEST]: 
Time for 'daemon-message-serialization-HASH_GLOB' 0.025100000202655792
Time for 'daemon-message-serialization-GLOB' 0.010699999518692493
[NX v22.3.3 Daemon Server] - 2026-01-10T15:13:12.783Z - Received raw message of length 72
[NX v22.3.3 Daemon Server] - 2026-01-10T15:13:12.783Z - Received json message of type HASH_GLOB
Time for 'daemon-message-serialization-HASH_GLOB' 0.015899999998509884
Time for 'nx/core/project-json:createNodes' 0.5274000000208616
Time for 'daemon-message-serialization-HASH_MULTI_GLOB' 0.012399999424815178
Time for 'nx/core/package-json:createNodes' 1.0550999995321035
[NX v22.3.3 Daemon Server] - 2026-01-10T15:13:12.784Z - Serializing response for HASH_GLOB message in json mode
[NX v22.3.3 Daemon Server] - 2026-01-10T15:13:12.784Z - Responding to HASH_GLOB message
[NX v22.3.3 Daemon Server] - 2026-01-10T15:13:12.784Z - [REQUEST]: Responding to the client. handleHashGlob
[NX v22.3.3 Daemon Server] - 2026-01-10T15:13:12.784Z - Time taken for 'hash changed files from watcher' 0.603099999949336ms
[NX v22.3.3 Daemon Server] - 2026-01-10T15:13:12.784Z - Received raw message of length 73
[NX v22.3.3 Daemon Server] - 2026-01-10T15:13:12.784Z - Received json message of type GLOB
Time for '@nx/playwright/plugin:createNodes' 4.1857000002637506
Time for 'HASH_GLOB round trip' 2.775100000202656
Time for 'deserialize daemon response - HASH_GLOB' 0.008900000713765621
[NX v22.3.3 Daemon Server] - 2026-01-10T15:13:12.785Z - Serializing response for GLOB message in json mode
[NX v22.3.3 Daemon Server] - 2026-01-10T15:13:12.785Z - Responding to GLOB message
[NX v22.3.3 Daemon Server] - 2026-01-10T15:13:12.785Z - [REQUEST]: Responding to the client. handleGlob
Time for 'GLOB round trip' 2.4912999998778105
Time for 'deserialize daemon response - GLOB' 0.012600000016391277
Time for 'daemon-message-serialization-HASH_MULTI_GLOB' 0.010899999178946018
[NX v22.3.3 Daemon Server] - 2026-01-10T15:13:12.786Z - Received raw message of length 67
[NX v22.3.3 Daemon Server] - 2026-01-10T15:13:12.786Z - Received json message of type HASH_GLOB
[NX v22.3.3 Daemon Server] - 2026-01-10T15:13:12.786Z - Serializing response for HASH_GLOB message in json mode
[NX v22.3.3 Daemon Server] - 2026-01-10T15:13:12.786Z - Responding to HASH_GLOB message
[NX v22.3.3 Daemon Server] - 2026-01-10T15:13:12.786Z - [REQUEST]: Responding to the client. handleHashGlob
[NX v22.3.3 Daemon Server] - 2026-01-10T15:13:12.787Z - Received raw message of length 60
[NX v22.3.3 Daemon Server] - 2026-01-10T15:13:12.787Z - Received json message of type HASH_MULTI_GLOB
Time for '@nx/webpack/plugin:createNodes' 4.724899999797344
Time for 'HASH_GLOB round trip' 2.6913999998942018
Time for 'deserialize daemon response - HASH_GLOB' 0.014999999664723873
[NX v22.3.3 Daemon Server] - 2026-01-10T15:13:12.787Z - Serializing response for HASH_GLOB message in json mode
[NX v22.3.3 Daemon Server] - 2026-01-10T15:13:12.787Z - Responding to HASH_GLOB message
[NX v22.3.3 Daemon Server] - 2026-01-10T15:13:12.787Z - [REQUEST]: Responding to the client. handleHashMultiGlob
[NX v22.3.3 Daemon Server] - 2026-01-10T15:13:12.787Z - Done responding to the client handleHashGlob
[NX v22.3.3 Daemon Server] - 2026-01-10T15:13:12.787Z - Handled json message HASH_GLOB. Handling time: 1. Response time: 3.
[NX v22.3.3 Daemon Server] - 2026-01-10T15:13:12.787Z - Done responding to the client handleGlob
[NX v22.3.3 Daemon Server] - 2026-01-10T15:13:12.787Z - Handled json message GLOB. Handling time: 1. Response time: 2.
Time for '@nx/jest/plugin:createNodes' 5.50789999961853
Time for 'HASH_MULTI_GLOB round trip' 3.7364999996498227
Time for 'deserialize daemon response - HASH_MULTI_GLOB' 0.010300000198185444
[NX v22.3.3 Daemon Server] - 2026-01-10T15:13:12.788Z - Received raw message of length 586
[NX v22.3.3 Daemon Server] - 2026-01-10T15:13:12.788Z - Received json message of type HASH_MULTI_GLOB
[NX v22.3.3 Daemon Server] - 2026-01-10T15:13:12.789Z - Serializing response for HASH_GLOB message in json mode
[NX v22.3.3 Daemon Server] - 2026-01-10T15:13:12.789Z - Responding to HASH_GLOB message
[NX v22.3.3 Daemon Server] - 2026-01-10T15:13:12.789Z - [REQUEST]: Responding to the client. handleHashMultiGlob
[NX v22.3.3 Daemon Server] - 2026-01-10T15:13:12.789Z - Done responding to the client handleHashGlob
[NX v22.3.3 Daemon Server] - 2026-01-10T15:13:12.789Z - Handled json message HASH_GLOB. Handling time: 0. Response time: 3.
[NX v22.3.3 Daemon Server] - 2026-01-10T15:13:12.789Z - Done responding to the client handleHashMultiGlob
[NX v22.3.3 Daemon Server] - 2026-01-10T15:13:12.790Z - Handled json message HASH_GLOB. Handling time: 0. Response time: 3.
[NX v22.3.3 Daemon Server] - 2026-01-10T15:13:12.790Z - Done responding to the client handleHashMultiGlob
[NX v22.3.3 Daemon Server] - 2026-01-10T15:13:12.790Z - Handled json message HASH_GLOB. Handling time: 1. Response time: 1.
Time for 'HASH_MULTI_GLOB round trip' 4.083899999968708
Time for 'nx/js/dependencies-and-lockfile:createNodes' 6.7152000004425645
Time for 'deserialize daemon response - HASH_MULTI_GLOB' 0.007600000128149986
Time for '@nx/eslint/plugin:createNodes' 27.185499999672174
Unable to find local plugin [] Map(0) {}
[NX v22.3.3 Daemon Server] - 2026-01-10T15:13:12.817Z - Time taken for 'build-project-configs' 30.904699999839067ms
Time for 'build typescript dependencies' 2.382000000216067
[NX v22.3.3 Daemon Server] - 2026-01-10T15:13:12.831Z - [SYNC]: collect registered sync generators
[NX v22.3.3 Daemon Server] - 2026-01-10T15:13:12.831Z - [SYNC]: project graph hash is the same, not collecting task sync generators
[NX v22.3.3 Daemon Server] - 2026-01-10T15:13:12.831Z - [SYNC]: nx.json hash is the same, not collecting global sync generators
[NX v22.3.3 Daemon Server] - 2026-01-10T15:13:12.831Z - Time taken for 'total execution time for createProjectGraph()' 17.608900000341237ms
[NX v22.3.3 Daemon Server] - 2026-01-10T15:13:13.856Z - [WATCHER]: Processing file changes in outputs
[NX v22.3.3 Daemon Server] - 2026-01-10T15:13:13.857Z - [WATCHER]: 0 file(s) created or restored, 0 file(s) modified, 2 file(s) deleted
[NX v22.3.3 Daemon Server] - 2026-01-10T15:13:13.857Z - [SYNC]: clearing sync generators cache due to file changes
[NX v22.3.3 Daemon Server] - 2026-01-10T15:13:14.058Z - [REQUEST]: Updated workspace context based on watched changes, recomputing project graph...
[NX v22.3.3 Daemon Server] - 2026-01-10T15:13:14.059Z - [REQUEST]: 
[NX v22.3.3 Daemon Server] - 2026-01-10T15:13:14.059Z - [REQUEST]: .idea/dataSources/fc894f9a-d6b4-48c4-a8e0-6261b69bc26b.xml.tmp,.idea/dataSources/fc894f9a-d6b4-48c4-a8e0-6261b69bc26b.xml
Time for 'daemon-message-serialization-HASH_GLOB' 0.013100000098347664
Time for 'daemon-message-serialization-GLOB' 0.010400000028312206
Time for 'nx/core/project-json:createNodes' 0.4595999997109175
[NX v22.3.3 Daemon Server] - 2026-01-10T15:13:14.063Z - Received raw message of length 72
[NX v22.3.3 Daemon Server] - 2026-01-10T15:13:14.063Z - Received json message of type HASH_GLOB
Time for 'daemon-message-serialization-HASH_GLOB' 0.01720000058412552
Time for 'daemon-message-serialization-HASH_MULTI_GLOB' 0.012399999424815178
Time for 'nx/core/package-json:createNodes' 1.0849000001326203
[NX v22.3.3 Daemon Server] - 2026-01-10T15:13:14.064Z - Serializing response for HASH_GLOB message in json mode
[NX v22.3.3 Daemon Server] - 2026-01-10T15:13:14.064Z - Responding to HASH_GLOB message
[NX v22.3.3 Daemon Server] - 2026-01-10T15:13:14.064Z - [REQUEST]: Responding to the client. handleHashGlob
[NX v22.3.3 Daemon Server] - 2026-01-10T15:13:14.064Z - Time taken for 'hash changed files from watcher' 0.3723999997600913ms
[NX v22.3.3 Daemon Server] - 2026-01-10T15:13:14.064Z - Received raw message of length 73
[NX v22.3.3 Daemon Server] - 2026-01-10T15:13:14.064Z - Received json message of type GLOB
Time for '@nx/playwright/plugin:createNodes' 4.179399999789894
[NX v22.3.3 Daemon Server] - 2026-01-10T15:13:14.065Z - Serializing response for GLOB message in json mode
[NX v22.3.3 Daemon Server] - 2026-01-10T15:13:14.065Z - Responding to GLOB message
[NX v22.3.3 Daemon Server] - 2026-01-10T15:13:14.065Z - [REQUEST]: Responding to the client. handleGlob
Time for 'HASH_GLOB round trip' 2.4398000007495284
Time for 'deserialize daemon response - HASH_GLOB' 0.009800000116229057
Time for 'GLOB round trip' 2.6571000004187226
Time for 'deserialize daemon response - GLOB' 0.014100000262260437
Time for 'daemon-message-serialization-HASH_MULTI_GLOB' 0.012800000607967377
[NX v22.3.3 Daemon Server] - 2026-01-10T15:13:14.066Z - Received raw message of length 67
[NX v22.3.3 Daemon Server] - 2026-01-10T15:13:14.066Z - Received json message of type HASH_GLOB
[NX v22.3.3 Daemon Server] - 2026-01-10T15:13:14.066Z - Serializing response for HASH_GLOB message in json mode
[NX v22.3.3 Daemon Server] - 2026-01-10T15:13:14.066Z - Responding to HASH_GLOB message
[NX v22.3.3 Daemon Server] - 2026-01-10T15:13:14.066Z - [REQUEST]: Responding to the client. handleHashGlob
[NX v22.3.3 Daemon Server] - 2026-01-10T15:13:14.067Z - Received raw message of length 60
[NX v22.3.3 Daemon Server] - 2026-01-10T15:13:14.067Z - Received json message of type HASH_MULTI_GLOB
[NX v22.3.3 Daemon Server] - 2026-01-10T15:13:14.067Z - Serializing response for HASH_GLOB message in json mode
[NX v22.3.3 Daemon Server] - 2026-01-10T15:13:14.067Z - Responding to HASH_GLOB message
[NX v22.3.3 Daemon Server] - 2026-01-10T15:13:14.067Z - [REQUEST]: Responding to the client. handleHashMultiGlob
[NX v22.3.3 Daemon Server] - 2026-01-10T15:13:14.067Z - Done responding to the client handleHashGlob
Time for '@nx/webpack/plugin:createNodes' 4.993800000287592
[NX v22.3.3 Daemon Server] - 2026-01-10T15:13:14.067Z - Handled json message HASH_GLOB. Handling time: 1. Response time: 3.
Time for 'HASH_GLOB round trip' 2.919700000435114
Time for 'deserialize daemon response - HASH_GLOB' 0.012299999594688416
[NX v22.3.3 Daemon Server] - 2026-01-10T15:13:14.067Z - Done responding to the client handleGlob
[NX v22.3.3 Daemon Server] - 2026-01-10T15:13:14.067Z - Handled json message GLOB. Handling time: 1. Response time: 2.
[NX v22.3.3 Daemon Server] - 2026-01-10T15:13:14.068Z - Received raw message of length 586
[NX v22.3.3 Daemon Server] - 2026-01-10T15:13:14.068Z - Received json message of type HASH_MULTI_GLOB
Time for '@nx/jest/plugin:createNodes' 5.613099999725819
Time for 'HASH_MULTI_GLOB round trip' 3.8374999994412065
Time for 'deserialize daemon response - HASH_MULTI_GLOB' 0.0142000000923872
[NX v22.3.3 Daemon Server] - 2026-01-10T15:13:14.069Z - Serializing response for HASH_GLOB message in json mode
[NX v22.3.3 Daemon Server] - 2026-01-10T15:13:14.069Z - Responding to HASH_GLOB message
[NX v22.3.3 Daemon Server] - 2026-01-10T15:13:14.069Z - [REQUEST]: Responding to the client. handleHashMultiGlob
[NX v22.3.3 Daemon Server] - 2026-01-10T15:13:14.069Z - Done responding to the client handleHashGlob
[NX v22.3.3 Daemon Server] - 2026-01-10T15:13:14.069Z - Handled json message HASH_GLOB. Handling time: 0. Response time: 3.
[NX v22.3.3 Daemon Server] - 2026-01-10T15:13:14.069Z - Done responding to the client handleHashMultiGlob
[NX v22.3.3 Daemon Server] - 2026-01-10T15:13:14.069Z - Handled json message HASH_GLOB. Handling time: 0. Response time: 2.
[NX v22.3.3 Daemon Server] - 2026-01-10T15:13:14.069Z - Done responding to the client handleHashMultiGlob
[NX v22.3.3 Daemon Server] - 2026-01-10T15:13:14.069Z - Handled json message HASH_GLOB. Handling time: 1. Response time: 0.
Time for 'HASH_MULTI_GLOB round trip' 3.8859000001102686
Time for 'deserialize daemon response - HASH_MULTI_GLOB' 0.007000000216066837
Time for 'nx/js/dependencies-and-lockfile:createNodes' 7.688699999824166
Time for '@nx/eslint/plugin:createNodes' 27.169099999591708
Unable to find local plugin [] Map(0) {}
[NX v22.3.3 Daemon Server] - 2026-01-10T15:13:14.096Z - Time taken for 'build-project-configs' 30.441699999384582ms
Time for 'build typescript dependencies' 0.010700000450015068
[NX v22.3.3 Daemon Server] - 2026-01-10T15:13:14.109Z - [SYNC]: collect registered sync generators
[NX v22.3.3 Daemon Server] - 2026-01-10T15:13:14.109Z - [SYNC]: project graph hash is the same, not collecting task sync generators
[NX v22.3.3 Daemon Server] - 2026-01-10T15:13:14.109Z - [SYNC]: nx.json hash is the same, not collecting global sync generators
[NX v22.3.3 Daemon Server] - 2026-01-10T15:13:14.109Z - Time taken for 'total execution time for createProjectGraph()' 15.467699999921024ms
[NX v22.3.3 Daemon Server] - 2026-01-10T15:13:25.038Z - Received raw message of length 81
[NX v22.3.3 Daemon Server] - 2026-01-10T15:13:25.038Z - Received json message of type RECORD_OUTPUTS_HASH
[NX v22.3.3 Daemon Server] - 2026-01-10T15:13:25.038Z - Serializing response for RECORD_OUTPUTS_HASH message in json mode
[NX v22.3.3 Daemon Server] - 2026-01-10T15:13:25.038Z - Responding to RECORD_OUTPUTS_HASH message
[NX v22.3.3 Daemon Server] - 2026-01-10T15:13:25.038Z - [REQUEST]: Responding to the client. recordOutputsHash
[NX v22.3.3 Daemon Server] - 2026-01-10T15:13:25.038Z - Done responding to the client recordOutputsHash
[NX v22.3.3 Daemon Server] - 2026-01-10T15:13:25.038Z - Handled json message RECORD_OUTPUTS_HASH. Handling time: 0. Response time: 0.
[NX v22.3.3 Daemon Server] - 2026-01-10T15:13:25.041Z - Received raw message of length 189
[NX v22.3.3 Daemon Server] - 2026-01-10T15:13:25.041Z - Received json message of type RECORD_TASK_RUNS
[NX v22.3.3 Daemon Server] - 2026-01-10T15:13:25.044Z - Serializing response for RECORD_TASK_RUNS message in json mode
[NX v22.3.3 Daemon Server] - 2026-01-10T15:13:25.044Z - Responding to RECORD_TASK_RUNS message
[NX v22.3.3 Daemon Server] - 2026-01-10T15:13:25.044Z - [REQUEST]: Responding to the client. handleRecordTaskRuns
[NX v22.3.3 Daemon Server] - 2026-01-10T15:13:25.044Z - Done responding to the client handleRecordTaskRuns
[NX v22.3.3 Daemon Server] - 2026-01-10T15:13:25.044Z - Handled json message RECORD_TASK_RUNS. Handling time: 3. Response time: 0.
[NX v22.3.3 Daemon Server] - 2026-01-10T15:13:25.045Z - Received raw message of length 59
[NX v22.3.3 Daemon Server] - 2026-01-10T15:13:25.045Z - Received json message of type GET_FLAKY_TASKS
[NX v22.3.3 Daemon Server] - 2026-01-10T15:13:25.045Z - Serializing response for GET_FLAKY_TASKS message in json mode
[NX v22.3.3 Daemon Server] - 2026-01-10T15:13:25.045Z - Responding to GET_FLAKY_TASKS message
[NX v22.3.3 Daemon Server] - 2026-01-10T15:13:25.045Z - [REQUEST]: Responding to the client. handleGetFlakyTasks
[NX v22.3.3 Daemon Server] - 2026-01-10T15:13:25.045Z - Done responding to the client handleGetFlakyTasks
[NX v22.3.3 Daemon Server] - 2026-01-10T15:13:25.045Z - Handled json message GET_FLAKY_TASKS. Handling time: 0. Response time: 0.
[NX v22.3.3 Daemon Server] - 2026-01-10T15:13:25.048Z - Received raw message of length 71638
[NX v22.3.3 Daemon Server] - 2026-01-10T15:13:25.048Z - Received json message of type POST_TASKS_EXECUTION
[NX v22.3.3 Daemon Server] - 2026-01-10T15:13:25.048Z - Serializing response for POST_TASKS_EXECUTION message in json mode
[NX v22.3.3 Daemon Server] - 2026-01-10T15:13:25.048Z - Responding to POST_TASKS_EXECUTION message
[NX v22.3.3 Daemon Server] - 2026-01-10T15:13:25.048Z - [REQUEST]: Responding to the client. handleRunPostTasksExecution
[NX v22.3.3 Daemon Server] - 2026-01-10T15:13:25.048Z - Time taken for 'postTasksExecution' 0.265599999576807ms
[NX v22.3.3 Daemon Server] - 2026-01-10T15:13:25.048Z - Done responding to the client handleRunPostTasksExecution
[NX v22.3.3 Daemon Server] - 2026-01-10T15:13:25.048Z - Handled json message POST_TASKS_EXECUTION. Handling time: 0. Response time: 0.
[NX v22.3.3 Daemon Server] - 2026-01-10T15:13:25.052Z - Closed a connection. Number of open connections: 4
[NX v22.3.3 Daemon Server] - 2026-01-10T15:17:13.285Z - [WATCHER]: 0 file(s) created or restored, 3 file(s) modified, 0 file(s) deleted
[NX v22.3.3 Daemon Server] - 2026-01-10T15:17:13.285Z - [SYNC]: clearing sync generators cache due to file changes
[NX v22.3.3 Daemon Server] - 2026-01-10T15:17:13.285Z - [WATCHER]: Processing file changes in outputs
[NX v22.3.3 Daemon Server] - 2026-01-10T15:17:13.534Z - Established a connection. Number of open connections: 5
[NX v22.3.3 Daemon Server] - 2026-01-10T15:17:13.535Z - Closed a connection. Number of open connections: 4
[NX v22.3.3 Daemon Server] - 2026-01-10T15:17:13.535Z - Established a connection. Number of open connections: 5
[NX v22.3.3 Daemon Server] - 2026-01-10T15:17:13.688Z - [REQUEST]: Updated workspace context based on watched changes, recomputing project graph...
[NX v22.3.3 Daemon Server] - 2026-01-10T15:17:13.688Z - [REQUEST]: docker-compose.yml,backend/src/app/app.module.ts,backend/src/app/database/entities/photo.entity.ts
[NX v22.3.3 Daemon Server] - 2026-01-10T15:17:13.688Z - [REQUEST]: 
Time for 'daemon-message-serialization-HASH_GLOB' 0.01080000028014183
[NX v22.3.3 Daemon Server] - 2026-01-10T15:17:13.692Z - Time taken for 'hash changed files from watcher' 0.609400000423193ms
Time for 'daemon-message-serialization-GLOB' 0.011100000701844692
Time for 'nx/core/project-json:createNodes' 0.6321000000461936
Time for 'daemon-message-serialization-HASH_MULTI_GLOB' 0.014100000262260437
[NX v22.3.3 Daemon Server] - 2026-01-10T15:17:13.694Z - Received raw message of length 73
Time for 'nx/core/package-json:createNodes' 1.2822000002488494
[NX v22.3.3 Daemon Server] - 2026-01-10T15:17:13.694Z - Received json message of type GLOB
Time for 'daemon-message-serialization-HASH_GLOB' 0.021800000220537186
[NX v22.3.3 Daemon Server] - 2026-01-10T15:17:13.694Z - Serializing response for GLOB message in json mode
[NX v22.3.3 Daemon Server] - 2026-01-10T15:17:13.694Z - Responding to GLOB message
[NX v22.3.3 Daemon Server] - 2026-01-10T15:17:13.694Z - [REQUEST]: Responding to the client. handleGlob
Time for 'GLOB round trip' 1.6928999992087483
Time for 'deserialize daemon response - GLOB' 0.010999999940395355
Time for 'daemon-message-serialization-HASH_MULTI_GLOB' 0.01080000028014183
[NX v22.3.3 Daemon Server] - 2026-01-10T15:17:13.695Z - Received raw message of length 72
[NX v22.3.3 Daemon Server] - 2026-01-10T15:17:13.695Z - Received json message of type HASH_GLOB
[NX v22.3.3 Daemon Server] - 2026-01-10T15:17:13.695Z - Serializing response for HASH_GLOB message in json mode
[NX v22.3.3 Daemon Server] - 2026-01-10T15:17:13.695Z - Responding to HASH_GLOB message
[NX v22.3.3 Daemon Server] - 2026-01-10T15:17:13.695Z - [REQUEST]: Responding to the client. handleHashGlob
[NX v22.3.3 Daemon Server] - 2026-01-10T15:17:13.696Z - Received raw message of length 60
[NX v22.3.3 Daemon Server] - 2026-01-10T15:17:13.696Z - Received json message of type HASH_MULTI_GLOB
[NX v22.3.3 Daemon Server] - 2026-01-10T15:17:13.696Z - Serializing response for HASH_GLOB message in json mode
[NX v22.3.3 Daemon Server] - 2026-01-10T15:17:13.696Z - Responding to HASH_GLOB message
[NX v22.3.3 Daemon Server] - 2026-01-10T15:17:13.696Z - [REQUEST]: Responding to the client. handleHashMultiGlob
Time for '@nx/playwright/plugin:createNodes' 5.571999999694526
Time for 'HASH_GLOB round trip' 3.953300000168383
Time for 'deserialize daemon response - HASH_GLOB' 0.012200000695884228
[NX v22.3.3 Daemon Server] - 2026-01-10T15:17:13.697Z - Received raw message of length 67
[NX v22.3.3 Daemon Server] - 2026-01-10T15:17:13.697Z - Received json message of type HASH_GLOB
[NX v22.3.3 Daemon Server] - 2026-01-10T15:17:13.697Z - Serializing response for HASH_GLOB message in json mode
[NX v22.3.3 Daemon Server] - 2026-01-10T15:17:13.697Z - Responding to HASH_GLOB message
[NX v22.3.3 Daemon Server] - 2026-01-10T15:17:13.697Z - [REQUEST]: Responding to the client. handleHashGlob
[NX v22.3.3 Daemon Server] - 2026-01-10T15:17:13.697Z - Done responding to the client handleGlob
[NX v22.3.3 Daemon Server] - 2026-01-10T15:17:13.697Z - Handled json message GLOB. Handling time: 0. Response time: 3.
[NX v22.3.3 Daemon Server] - 2026-01-10T15:17:13.698Z - Received raw message of length 586
[NX v22.3.3 Daemon Server] - 2026-01-10T15:17:13.698Z - Received json message of type HASH_MULTI_GLOB
[NX v22.3.3 Daemon Server] - 2026-01-10T15:17:13.699Z - Serializing response for HASH_GLOB message in json mode
[NX v22.3.3 Daemon Server] - 2026-01-10T15:17:13.699Z - Responding to HASH_GLOB message
[NX v22.3.3 Daemon Server] - 2026-01-10T15:17:13.699Z - [REQUEST]: Responding to the client. handleHashMultiGlob
[NX v22.3.3 Daemon Server] - 2026-01-10T15:17:13.699Z - Done responding to the client handleHashGlob
[NX v22.3.3 Daemon Server] - 2026-01-10T15:17:13.699Z - Handled json message HASH_GLOB. Handling time: 0. Response time: 4.
[NX v22.3.3 Daemon Server] - 2026-01-10T15:17:13.699Z - Done responding to the client handleHashMultiGlob
[NX v22.3.3 Daemon Server] - 2026-01-10T15:17:13.699Z - Handled json message HASH_GLOB. Handling time: 0. Response time: 3.
[NX v22.3.3 Daemon Server] - 2026-01-10T15:17:13.700Z - Done responding to the client handleHashGlob
[NX v22.3.3 Daemon Server] - 2026-01-10T15:17:13.700Z - Handled json message HASH_GLOB. Handling time: 0. Response time: 3.
[NX v22.3.3 Daemon Server] - 2026-01-10T15:17:13.700Z - Done responding to the client handleHashMultiGlob
[NX v22.3.3 Daemon Server] - 2026-01-10T15:17:13.700Z - Handled json message HASH_GLOB. Handling time: 1. Response time: 1.
Time for 'nx/js/dependencies-and-lockfile:createNodes' 7.120900000445545
Time for 'HASH_MULTI_GLOB round trip' 4.827599999494851
Time for 'deserialize daemon response - HASH_MULTI_GLOB' 0.007600000128149986
Time for '@nx/webpack/plugin:createNodes' 10.516400000080466
Time for 'HASH_GLOB round trip' 3.8466999996453524
Time for 'deserialize daemon response - HASH_GLOB' 0.009100000374019146
Time for '@nx/jest/plugin:createNodes' 18.827100000344217
Time for 'HASH_MULTI_GLOB round trip' 3.3199000004678965
Time for 'deserialize daemon response - HASH_MULTI_GLOB' 0.01510000042617321
Time for '@nx/eslint/plugin:createNodes' 28.516500000841916
Unable to find local plugin [] Map(0) {}
[NX v22.3.3 Daemon Server] - 2026-01-10T15:17:13.728Z - Time taken for 'build-project-configs' 31.962600000202656ms
Time for 'build typescript dependencies' 3.881099999882281
[NX v22.3.3 Daemon Server] - 2026-01-10T15:17:13.744Z - [SYNC]: collect registered sync generators
[NX v22.3.3 Daemon Server] - 2026-01-10T15:17:13.745Z - [SYNC]: project graph hash is the same, not collecting task sync generators
[NX v22.3.3 Daemon Server] - 2026-01-10T15:17:13.745Z - [SYNC]: nx.json hash is the same, not collecting global sync generators
[NX v22.3.3 Daemon Server] - 2026-01-10T15:17:13.745Z - Time taken for 'total execution time for createProjectGraph()' 18.93969999998808ms
[NX v22.3.3 Daemon Server] - 2026-01-10T15:17:13.900Z - Received raw message of length 32
[NX v22.3.3 Daemon Server] - 2026-01-10T15:17:13.900Z - Received json message of type GET_NX_CONSOLE_STATUS
[NX v22.3.3 Daemon Server] - 2026-01-10T15:17:13.900Z - Serializing response for GET_NX_CONSOLE_STATUS message in json mode
[NX v22.3.3 Daemon Server] - 2026-01-10T15:17:13.900Z - Responding to GET_NX_CONSOLE_STATUS message
[NX v22.3.3 Daemon Server] - 2026-01-10T15:17:13.900Z - [REQUEST]: Responding to the client. handleGetNxConsoleStatus
[NX v22.3.3 Daemon Server] - 2026-01-10T15:17:13.901Z - Done responding to the client handleGetNxConsoleStatus
[NX v22.3.3 Daemon Server] - 2026-01-10T15:17:13.901Z - Handled json message GET_NX_CONSOLE_STATUS. Handling time: 0. Response time: 1.
[NX v22.3.3 Daemon Server] - 2026-01-10T15:17:13.970Z - Received raw message of length 32
[NX v22.3.3 Daemon Server] - 2026-01-10T15:17:13.970Z - Received json message of type REQUEST_PROJECT_GRAPH
[NX v22.3.3 Daemon Server] - 2026-01-10T15:17:13.970Z - [REQUEST]: Client Request for Project Graph Received
[NX v22.3.3 Daemon Server] - 2026-01-10T15:17:13.970Z - Reusing in-memory cached project graph because no files changed.
[NX v22.3.3 Daemon Server] - 2026-01-10T15:17:13.978Z - Wrote project graph cache to C:\Users\mariu\WebstormProjects\Sideboard\.nx\workspace-data\project-graph.json
[NX v22.3.3 Daemon Server] - 2026-01-10T15:17:13.978Z - Serializing response for REQUEST_PROJECT_GRAPH message in json mode
[NX v22.3.3 Daemon Server] - 2026-01-10T15:17:13.978Z - Responding to REQUEST_PROJECT_GRAPH message
[NX v22.3.3 Daemon Server] - 2026-01-10T15:17:13.978Z - [REQUEST]: Responding to the client. project-graph
[NX v22.3.3 Daemon Server] - 2026-01-10T15:17:13.979Z - Time taken for 'total for creating and serializing project graph' 7.837199999950826ms
[NX v22.3.3 Daemon Server] - 2026-01-10T15:17:13.979Z - Done responding to the client project-graph
[NX v22.3.3 Daemon Server] - 2026-01-10T15:17:13.979Z - Handled json message REQUEST_PROJECT_GRAPH. Handling time: 8. Response time: 1.
[NX v22.3.3 Daemon Server] - 2026-01-10T15:17:13.985Z - Received raw message of length 1261
[NX v22.3.3 Daemon Server] - 2026-01-10T15:17:13.985Z - Received json message of type PRE_TASKS_EXECUTION
[NX v22.3.3 Daemon Server] - 2026-01-10T15:17:13.985Z - Serializing response for PRE_TASKS_EXECUTION message in json mode
[NX v22.3.3 Daemon Server] - 2026-01-10T15:17:13.985Z - Responding to PRE_TASKS_EXECUTION message
[NX v22.3.3 Daemon Server] - 2026-01-10T15:17:13.985Z - [REQUEST]: Responding to the client. handleRunPreTasksExecution
[NX v22.3.3 Daemon Server] - 2026-01-10T15:17:13.985Z - Time taken for 'preTasksExecution' 0.21870000008493662ms
[NX v22.3.3 Daemon Server] - 2026-01-10T15:17:13.985Z - Done responding to the client handleRunPreTasksExecution
[NX v22.3.3 Daemon Server] - 2026-01-10T15:17:13.985Z - Handled json message PRE_TASKS_EXECUTION. Handling time: 0. Response time: 0.
[NX v22.3.3 Daemon Server] - 2026-01-10T15:17:14.012Z - Received raw message of length 5703
[NX v22.3.3 Daemon Server] - 2026-01-10T15:17:14.012Z - Received json message of type HASH_TASKS
[NX v22.3.3 Daemon Server] - 2026-01-10T15:17:14.012Z - Reusing in-memory cached project graph because no files changed.
[NX v22.3.3 Daemon Server] - 2026-01-10T15:17:14.019Z - Wrote project graph cache to C:\Users\mariu\WebstormProjects\Sideboard\.nx\workspace-data\project-graph.json
DEBUG nx::native::tasks::hash_planner: get_plans_internal COMPLETED in 3.4338ms - processed 1 tasks (setup: 3.1228ms, parallel_planning: 303.9µs)
DEBUG nx::native::tasks::hashers::hash_workspace_files: Hashing workspace fileset{cache_key="nx.json,.gitignore,.nxignore"}: Adding "16220110815332185737" (".gitignore") to hash
DEBUG nx::native::tasks::hashers::hash_workspace_files: Hashing workspace fileset{cache_key="nx.json,.gitignore,.nxignore"}: Adding "9691923261939552420" ("nx.json") to hash
DEBUG nx::native::tasks::hashers::hash_workspace_files: Hashing workspace fileset{cache_key="nx.json,.gitignore,.nxignore"}: Hash Value: "5666588748370749329"
DEBUG nx::native::tasks::task_hasher: hash_plans COMPLETED in 2.1358ms - processed 1 plans (setup: 223.4µs, hashing: 1.9109ms, assembly: 1.2476ms)
[NX v22.3.3 Daemon Server] - 2026-01-10T15:17:14.031Z - Serializing response for HASH_TASKS message in json mode
[NX v22.3.3 Daemon Server] - 2026-01-10T15:17:14.031Z - Responding to HASH_TASKS message
[NX v22.3.3 Daemon Server] - 2026-01-10T15:17:14.031Z - [REQUEST]: Responding to the client. handleHashTasks
[NX v22.3.3 Daemon Server] - 2026-01-10T15:17:14.031Z - Time taken for 'write cache' 7.13260000012815ms
[NX v22.3.3 Daemon Server] - 2026-01-10T15:17:14.031Z - Done responding to the client handleHashTasks
[NX v22.3.3 Daemon Server] - 2026-01-10T15:17:14.031Z - Handled json message HASH_TASKS. Handling time: 19. Response time: 0.
[NX v22.3.3 Daemon Server] - 2026-01-10T15:17:14.043Z - Received raw message of length 88
[NX v22.3.3 Daemon Server] - 2026-01-10T15:17:14.043Z - Received json message of type GET_ESTIMATED_TASK_TIMINGS
[NX v22.3.3 Daemon Server] - 2026-01-10T15:17:14.043Z - Serializing response for GET_ESTIMATED_TASK_TIMINGS message in json mode
[NX v22.3.3 Daemon Server] - 2026-01-10T15:17:14.043Z - Responding to GET_ESTIMATED_TASK_TIMINGS message
[NX v22.3.3 Daemon Server] - 2026-01-10T15:17:14.043Z - [REQUEST]: Responding to the client. handleGetEstimatedTaskTimings
[NX v22.3.3 Daemon Server] - 2026-01-10T15:17:14.043Z - Done responding to the client handleGetEstimatedTaskTimings
[NX v22.3.3 Daemon Server] - 2026-01-10T15:17:14.043Z - Handled json message GET_ESTIMATED_TASK_TIMINGS. Handling time: 0. Response time: 0.
[NX v22.3.3 Daemon Server] - 2026-01-10T15:17:17.898Z - [WATCHER]: Processing file changes in outputs
[NX v22.3.3 Daemon Server] - 2026-01-10T15:17:17.899Z - [WATCHER]: 0 file(s) created or restored, 2 file(s) modified, 0 file(s) deleted
[NX v22.3.3 Daemon Server] - 2026-01-10T15:17:17.899Z - [SYNC]: clearing sync generators cache due to file changes
[NX v22.3.3 Daemon Server] - 2026-01-10T15:17:18.008Z - [REQUEST]: Updated workspace context based on watched changes, recomputing project graph...
[NX v22.3.3 Daemon Server] - 2026-01-10T15:17:18.008Z - [REQUEST]: dist/backend/main.js.map,dist/backend/main.js
[NX v22.3.3 Daemon Server] - 2026-01-10T15:17:18.008Z - [REQUEST]: 
Time for 'daemon-message-serialization-HASH_GLOB' 0.010400000028312206
Time for 'daemon-message-serialization-GLOB' 0.009999999776482582
Time for 'nx/core/project-json:createNodes' 0.530799999833107
[NX v22.3.3 Daemon Server] - 2026-01-10T15:17:18.012Z - Received raw message of length 72
[NX v22.3.3 Daemon Server] - 2026-01-10T15:17:18.012Z - Received json message of type HASH_GLOB
Time for 'nx/core/package-json:createNodes' 0.9797999998554587
Time for 'daemon-message-serialization-HASH_MULTI_GLOB' 0.008799999952316284
Time for 'daemon-message-serialization-HASH_GLOB' 0.01029999926686287
[NX v22.3.3 Daemon Server] - 2026-01-10T15:17:18.013Z - Serializing response for HASH_GLOB message in json mode
[NX v22.3.3 Daemon Server] - 2026-01-10T15:17:18.013Z - Responding to HASH_GLOB message
[NX v22.3.3 Daemon Server] - 2026-01-10T15:17:18.013Z - [REQUEST]: Responding to the client. handleHashGlob
[NX v22.3.3 Daemon Server] - 2026-01-10T15:17:18.013Z - Time taken for 'hash changed files from watcher' 0.3899000007659197ms
Time for '@nx/playwright/plugin:createNodes' 3.4960000002756715
Time for 'HASH_GLOB round trip' 1.9512000000104308
Time for 'deserialize daemon response - HASH_GLOB' 0.00930000003427267
[NX v22.3.3 Daemon Server] - 2026-01-10T15:17:18.014Z - Received raw message of length 73
[NX v22.3.3 Daemon Server] - 2026-01-10T15:17:18.014Z - Received json message of type GLOB
[NX v22.3.3 Daemon Server] - 2026-01-10T15:17:18.014Z - Serializing response for GLOB message in json mode
[NX v22.3.3 Daemon Server] - 2026-01-10T15:17:18.014Z - Responding to GLOB message
[NX v22.3.3 Daemon Server] - 2026-01-10T15:17:18.014Z - [REQUEST]: Responding to the client. handleGlob
Time for 'GLOB round trip' 2.737600000575185
Time for 'deserialize daemon response - GLOB' 0.014000000432133675
Time for 'daemon-message-serialization-HASH_MULTI_GLOB' 0.011699999682605267
[NX v22.3.3 Daemon Server] - 2026-01-10T15:17:18.015Z - Received raw message of length 60
[NX v22.3.3 Daemon Server] - 2026-01-10T15:17:18.015Z - Received json message of type HASH_MULTI_GLOB
[NX v22.3.3 Daemon Server] - 2026-01-10T15:17:18.015Z - Serializing response for HASH_GLOB message in json mode
[NX v22.3.3 Daemon Server] - 2026-01-10T15:17:18.015Z - Responding to HASH_GLOB message
[NX v22.3.3 Daemon Server] - 2026-01-10T15:17:18.016Z - [REQUEST]: Responding to the client. handleHashMultiGlob
[NX v22.3.3 Daemon Server] - 2026-01-10T15:17:18.016Z - Received raw message of length 67
[NX v22.3.3 Daemon Server] - 2026-01-10T15:17:18.016Z - Received json message of type HASH_GLOB
Time for '@nx/jest/plugin:createNodes' 5.045800000429153
Time for 'HASH_MULTI_GLOB round trip' 3.1482999995350838
[NX v22.3.3 Daemon Server] - 2026-01-10T15:17:18.016Z - Serializing response for HASH_GLOB message in json mode
Time for 'deserialize daemon response - HASH_MULTI_GLOB' 0.009999999776482582
[NX v22.3.3 Daemon Server] - 2026-01-10T15:17:18.016Z - Responding to HASH_GLOB message
[NX v22.3.3 Daemon Server] - 2026-01-10T15:17:18.016Z - [REQUEST]: Responding to the client. handleHashGlob
[NX v22.3.3 Daemon Server] - 2026-01-10T15:17:18.017Z - Done responding to the client handleHashGlob
[NX v22.3.3 Daemon Server] - 2026-01-10T15:17:18.017Z - Handled json message HASH_GLOB. Handling time: 1. Response time: 4.
[NX v22.3.3 Daemon Server] - 2026-01-10T15:17:18.017Z - Done responding to the client handleGlob
[NX v22.3.3 Daemon Server] - 2026-01-10T15:17:18.017Z - Handled json message GLOB. Handling time: 0. Response time: 3.
[NX v22.3.3 Daemon Server] - 2026-01-10T15:17:18.017Z - Received raw message of length 586
[NX v22.3.3 Daemon Server] - 2026-01-10T15:17:18.017Z - Received json message of type HASH_MULTI_GLOB
Time for '@nx/webpack/plugin:createNodes' 6.276499999687076
Time for 'HASH_GLOB round trip' 4.072700000368059
Time for 'deserialize daemon response - HASH_GLOB' 0.00989999994635582
[NX v22.3.3 Daemon Server] - 2026-01-10T15:17:18.019Z - Serializing response for HASH_GLOB message in json mode
[NX v22.3.3 Daemon Server] - 2026-01-10T15:17:18.019Z - Responding to HASH_GLOB message
[NX v22.3.3 Daemon Server] - 2026-01-10T15:17:18.019Z - [REQUEST]: Responding to the client. handleHashMultiGlob
[NX v22.3.3 Daemon Server] - 2026-01-10T15:17:18.019Z - Done responding to the client handleHashMultiGlob
[NX v22.3.3 Daemon Server] - 2026-01-10T15:17:18.019Z - Handled json message HASH_GLOB. Handling time: 0. Response time: 4.
[NX v22.3.3 Daemon Server] - 2026-01-10T15:17:18.019Z - Done responding to the client handleHashGlob
[NX v22.3.3 Daemon Server] - 2026-01-10T15:17:18.019Z - Handled json message HASH_GLOB. Handling time: 0. Response time: 3.
[NX v22.3.3 Daemon Server] - 2026-01-10T15:17:18.019Z - Done responding to the client handleHashMultiGlob
[NX v22.3.3 Daemon Server] - 2026-01-10T15:17:18.019Z - Handled json message HASH_GLOB. Handling time: 2. Response time: 0.
Time for 'HASH_MULTI_GLOB round trip' 4.2048999993130565
Time for 'deserialize daemon response - HASH_MULTI_GLOB' 0.012399999424815178
Time for 'nx/js/dependencies-and-lockfile:createNodes' 8.876000000163913
Time for '@nx/eslint/plugin:createNodes' 26.95740000065416
Unable to find local plugin [] Map(0) {}
[NX v22.3.3 Daemon Server] - 2026-01-10T15:17:18.046Z - Time taken for 'build-project-configs' 30.90249999985099ms
Time for 'build typescript dependencies' 3.044000000692904
[NX v22.3.3 Daemon Server] - 2026-01-10T15:17:18.061Z - [SYNC]: collect registered sync generators
[NX v22.3.3 Daemon Server] - 2026-01-10T15:17:18.062Z - [SYNC]: project graph hash is the same, not collecting task sync generators
[NX v22.3.3 Daemon Server] - 2026-01-10T15:17:18.062Z - [SYNC]: nx.json hash is the same, not collecting global sync generators
[NX v22.3.3 Daemon Server] - 2026-01-10T15:17:18.062Z - Time taken for 'total execution time for createProjectGraph()' 18.280499999411404ms
[NX v22.3.3 Daemon Server] - 2026-01-10T15:17:25.281Z - Closed a connection. Number of open connections: 4
[NX v22.3.3 Daemon Server] - 2026-01-10T15:17:28.816Z - [WATCHER]: 0 file(s) created or restored, 2 file(s) modified, 0 file(s) deleted
[NX v22.3.3 Daemon Server] - 2026-01-10T15:17:28.816Z - [SYNC]: clearing sync generators cache due to file changes
[NX v22.3.3 Daemon Server] - 2026-01-10T15:17:28.816Z - [WATCHER]: Processing file changes in outputs
[NX v22.3.3 Daemon Server] - 2026-01-10T15:17:29.021Z - [REQUEST]: Updated workspace context based on watched changes, recomputing project graph...
[NX v22.3.3 Daemon Server] - 2026-01-10T15:17:29.021Z - [REQUEST]: .idea/workspace.xml,.idea/dataSources.local.xml
[NX v22.3.3 Daemon Server] - 2026-01-10T15:17:29.022Z - [REQUEST]: 
Time for 'daemon-message-serialization-HASH_GLOB' 0.012400000356137753
Time for 'daemon-message-serialization-GLOB' 0.011200000531971455
[NX v22.3.3 Daemon Server] - 2026-01-10T15:17:29.027Z - Received raw message of length 72
[NX v22.3.3 Daemon Server] - 2026-01-10T15:17:29.027Z - Received json message of type HASH_GLOB
Time for 'nx/core/project-json:createNodes' 0.8599000005051494
Time for 'daemon-message-serialization-HASH_GLOB' 0.019500000402331352
Time for 'daemon-message-serialization-HASH_MULTI_GLOB' 0.012899999506771564
[NX v22.3.3 Daemon Server] - 2026-01-10T15:17:29.027Z - Serializing response for HASH_GLOB message in json mode
Time for 'nx/core/package-json:createNodes' 1.4880999997258186
[NX v22.3.3 Daemon Server] - 2026-01-10T15:17:29.027Z - Responding to HASH_GLOB message
[NX v22.3.3 Daemon Server] - 2026-01-10T15:17:29.027Z - [REQUEST]: Responding to the client. handleHashGlob
[NX v22.3.3 Daemon Server] - 2026-01-10T15:17:29.028Z - Time taken for 'hash changed files from watcher' 0.6439999993890524ms
Time for '@nx/playwright/plugin:createNodes' 4.35190000012517
Time for 'HASH_GLOB round trip' 2.5408999994397163
Time for 'deserialize daemon response - HASH_GLOB' 0.010899999178946018
[NX v22.3.3 Daemon Server] - 2026-01-10T15:17:29.028Z - Received raw message of length 73
[NX v22.3.3 Daemon Server] - 2026-01-10T15:17:29.028Z - Received json message of type GLOB
[NX v22.3.3 Daemon Server] - 2026-01-10T15:17:29.029Z - Serializing response for GLOB message in json mode
[NX v22.3.3 Daemon Server] - 2026-01-10T15:17:29.029Z - Responding to GLOB message
[NX v22.3.3 Daemon Server] - 2026-01-10T15:17:29.029Z - [REQUEST]: Responding to the client. handleGlob
Time for 'GLOB round trip' 3.1588000003248453
Time for 'deserialize daemon response - GLOB' 0.01230000052601099
Time for 'daemon-message-serialization-HASH_MULTI_GLOB' 0.010900000110268593
[NX v22.3.3 Daemon Server] - 2026-01-10T15:17:29.030Z - Received raw message of length 67
[NX v22.3.3 Daemon Server] - 2026-01-10T15:17:29.030Z - Received json message of type HASH_GLOB
[NX v22.3.3 Daemon Server] - 2026-01-10T15:17:29.030Z - Serializing response for HASH_GLOB message in json mode
[NX v22.3.3 Daemon Server] - 2026-01-10T15:17:29.030Z - Responding to HASH_GLOB message
[NX v22.3.3 Daemon Server] - 2026-01-10T15:17:29.030Z - [REQUEST]: Responding to the client. handleHashGlob
[NX v22.3.3 Daemon Server] - 2026-01-10T15:17:29.031Z - Received raw message of length 60
[NX v22.3.3 Daemon Server] - 2026-01-10T15:17:29.031Z - Received json message of type HASH_MULTI_GLOB
Time for '@nx/webpack/plugin:createNodes' 5.828099999576807
Time for 'HASH_GLOB round trip' 3.3442999999970198
Time for 'deserialize daemon response - HASH_GLOB' 0.009999999776482582
[NX v22.3.3 Daemon Server] - 2026-01-10T15:17:29.031Z - Serializing response for HASH_GLOB message in json mode
[NX v22.3.3 Daemon Server] - 2026-01-10T15:17:29.031Z - Responding to HASH_GLOB message
[NX v22.3.3 Daemon Server] - 2026-01-10T15:17:29.031Z - [REQUEST]: Responding to the client. handleHashMultiGlob
[NX v22.3.3 Daemon Server] - 2026-01-10T15:17:29.031Z - Done responding to the client handleHashGlob
[NX v22.3.3 Daemon Server] - 2026-01-10T15:17:29.031Z - Handled json message HASH_GLOB. Handling time: 0. Response time: 4.
[NX v22.3.3 Daemon Server] - 2026-01-10T15:17:29.032Z - Done responding to the client handleGlob
[NX v22.3.3 Daemon Server] - 2026-01-10T15:17:29.032Z - Handled json message GLOB. Handling time: 1. Response time: 3.
[NX v22.3.3 Daemon Server] - 2026-01-10T15:17:29.032Z - Received raw message of length 586
Time for '@nx/jest/plugin:createNodes' 6.876900000497699
[NX v22.3.3 Daemon Server] - 2026-01-10T15:17:29.032Z - Received json message of type HASH_MULTI_GLOB
Time for 'HASH_MULTI_GLOB round trip' 4.505100000649691
Time for 'deserialize daemon response - HASH_MULTI_GLOB' 0.008900000713765621
[NX v22.3.3 Daemon Server] - 2026-01-10T15:17:29.034Z - Serializing response for HASH_GLOB message in json mode
[NX v22.3.3 Daemon Server] - 2026-01-10T15:17:29.034Z - Responding to HASH_GLOB message
[NX v22.3.3 Daemon Server] - 2026-01-10T15:17:29.034Z - [REQUEST]: Responding to the client. handleHashMultiGlob
[NX v22.3.3 Daemon Server] - 2026-01-10T15:17:29.034Z - Done responding to the client handleHashGlob
[NX v22.3.3 Daemon Server] - 2026-01-10T15:17:29.034Z - Handled json message HASH_GLOB. Handling time: 0. Response time: 4.
[NX v22.3.3 Daemon Server] - 2026-01-10T15:17:29.034Z - Done responding to the client handleHashMultiGlob
[NX v22.3.3 Daemon Server] - 2026-01-10T15:17:29.034Z - Handled json message HASH_GLOB. Handling time: 0. Response time: 3.
[NX v22.3.3 Daemon Server] - 2026-01-10T15:17:29.034Z - Done responding to the client handleHashMultiGlob
[NX v22.3.3 Daemon Server] - 2026-01-10T15:17:29.034Z - Handled json message HASH_GLOB. Handling time: 2. Response time: 0.
Time for 'HASH_MULTI_GLOB round trip' 4.58530000038445
Time for 'deserialize daemon response - HASH_MULTI_GLOB' 0.008899999782443047
Time for 'nx/js/dependencies-and-lockfile:createNodes' 8.843400000594556
Time for '@nx/eslint/plugin:createNodes' 33.490100000053644
Unable to find local plugin [] Map(0) {}
[NX v22.3.3 Daemon Server] - 2026-01-10T15:17:29.069Z - Time taken for 'build-project-configs' 37.41700000036508ms
Time for 'build typescript dependencies' 3.2339000003412366
[NX v22.3.3 Daemon Server] - 2026-01-10T15:17:29.089Z - [SYNC]: collect registered sync generators
[NX v22.3.3 Daemon Server] - 2026-01-10T15:17:29.090Z - [SYNC]: project graph hash is the same, not collecting task sync generators
[NX v22.3.3 Daemon Server] - 2026-01-10T15:17:29.090Z - [SYNC]: nx.json hash is the same, not collecting global sync generators
[NX v22.3.3 Daemon Server] - 2026-01-10T15:17:29.090Z - Time taken for 'total execution time for createProjectGraph()' 24.757699999958277ms
[NX v22.3.3 Daemon Server] - 2026-01-10T15:17:45.445Z - [WATCHER]: Processing file changes in outputs
[NX v22.3.3 Daemon Server] - 2026-01-10T15:17:45.446Z - [WATCHER]: .idea/workspace.xml was modified
[NX v22.3.3 Daemon Server] - 2026-01-10T15:17:45.446Z - [SYNC]: clearing sync generators cache due to file changes
[NX v22.3.3 Daemon Server] - 2026-01-10T15:17:45.847Z - [REQUEST]: Updated workspace context based on watched changes, recomputing project graph...
[NX v22.3.3 Daemon Server] - 2026-01-10T15:17:45.847Z - [REQUEST]: .idea/workspace.xml
[NX v22.3.3 Daemon Server] - 2026-01-10T15:17:45.847Z - [REQUEST]: 
Time for 'daemon-message-serialization-HASH_GLOB' 0.012199999764561653
Time for 'daemon-message-serialization-GLOB' 0.011300000362098217
Time for 'daemon-message-serialization-HASH_GLOB' 0.010499999858438969
Time for 'daemon-message-serialization-HASH_MULTI_GLOB' 0.012200000695884228
Time for 'nx/core/project-json:createNodes' 0.5618000002577901
[NX v22.3.3 Daemon Server] - 2026-01-10T15:17:45.853Z - Received raw message of length 72
[NX v22.3.3 Daemon Server] - 2026-01-10T15:17:45.853Z - Received json message of type HASH_GLOB
Time for 'nx/core/package-json:createNodes' 1.1270999992266297
[NX v22.3.3 Daemon Server] - 2026-01-10T15:17:45.854Z - Serializing response for HASH_GLOB message in json mode
[NX v22.3.3 Daemon Server] - 2026-01-10T15:17:45.854Z - Responding to HASH_GLOB message
[NX v22.3.3 Daemon Server] - 2026-01-10T15:17:45.854Z - [REQUEST]: Responding to the client. handleHashGlob
[NX v22.3.3 Daemon Server] - 2026-01-10T15:17:45.854Z - Received raw message of length 73
[NX v22.3.3 Daemon Server] - 2026-01-10T15:17:45.854Z - Received json message of type GLOB
[NX v22.3.3 Daemon Server] - 2026-01-10T15:17:45.855Z - Serializing response for GLOB message in json mode
Time for '@nx/playwright/plugin:createNodes' 5.050700000487268
[NX v22.3.3 Daemon Server] - 2026-01-10T15:17:45.855Z - Responding to GLOB message
[NX v22.3.3 Daemon Server] - 2026-01-10T15:17:45.855Z - [REQUEST]: Responding to the client. handleGlob
Time for 'HASH_GLOB round trip' 3.2533999998122454
Time for 'deserialize daemon response - HASH_GLOB' 0.013299999758601189
[NX v22.3.3 Daemon Server] - 2026-01-10T15:17:45.855Z - Time taken for 'hash changed files from watcher' 0.3979000002145767ms
Time for 'GLOB round trip' 3.28139999974519
Time for 'deserialize daemon response - GLOB' 0.0213000001385808
Time for 'daemon-message-serialization-HASH_MULTI_GLOB' 0.01660000067204237
[NX v22.3.3 Daemon Server] - 2026-01-10T15:17:45.856Z - Received raw message of length 67
[NX v22.3.3 Daemon Server] - 2026-01-10T15:17:45.856Z - Received json message of type HASH_GLOB
[NX v22.3.3 Daemon Server] - 2026-01-10T15:17:45.856Z - Serializing response for HASH_GLOB message in json mode
[NX v22.3.3 Daemon Server] - 2026-01-10T15:17:45.856Z - Responding to HASH_GLOB message
[NX v22.3.3 Daemon Server] - 2026-01-10T15:17:45.856Z - [REQUEST]: Responding to the client. handleHashGlob
[NX v22.3.3 Daemon Server] - 2026-01-10T15:17:45.857Z - Received raw message of length 60
[NX v22.3.3 Daemon Server] - 2026-01-10T15:17:45.857Z - Received json message of type HASH_MULTI_GLOB
Time for '@nx/webpack/plugin:createNodes' 6.0163000002503395
Time for 'HASH_GLOB round trip' 3.670699999667704
Time for 'deserialize daemon response - HASH_GLOB' 0.00989999994635582
[NX v22.3.3 Daemon Server] - 2026-01-10T15:17:45.857Z - Serializing response for HASH_GLOB message in json mode
[NX v22.3.3 Daemon Server] - 2026-01-10T15:17:45.857Z - Responding to HASH_GLOB message
[NX v22.3.3 Daemon Server] - 2026-01-10T15:17:45.857Z - [REQUEST]: Responding to the client. handleHashMultiGlob
[NX v22.3.3 Daemon Server] - 2026-01-10T15:17:45.857Z - Done responding to the client handleHashGlob
[NX v22.3.3 Daemon Server] - 2026-01-10T15:17:45.857Z - Handled json message HASH_GLOB. Handling time: 0. Response time: 4.
[NX v22.3.3 Daemon Server] - 2026-01-10T15:17:45.857Z - Done responding to the client handleGlob
[NX v22.3.3 Daemon Server] - 2026-01-10T15:17:45.857Z - Handled json message GLOB. Handling time: 1. Response time: 2.
Time for '@nx/jest/plugin:createNodes' 6.800999999977648
Time for 'HASH_MULTI_GLOB round trip' 4.766100000590086
Time for 'deserialize daemon response - HASH_MULTI_GLOB' 0.011200000531971455
[NX v22.3.3 Daemon Server] - 2026-01-10T15:17:45.858Z - Received raw message of length 586
[NX v22.3.3 Daemon Server] - 2026-01-10T15:17:45.858Z - Received json message of type HASH_MULTI_GLOB
[NX v22.3.3 Daemon Server] - 2026-01-10T15:17:45.859Z - Serializing response for HASH_GLOB message in json mode
[NX v22.3.3 Daemon Server] - 2026-01-10T15:17:45.859Z - Responding to HASH_GLOB message
[NX v22.3.3 Daemon Server] - 2026-01-10T15:17:45.859Z - [REQUEST]: Responding to the client. handleHashMultiGlob
[NX v22.3.3 Daemon Server] - 2026-01-10T15:17:45.859Z - Done responding to the client handleHashGlob
[NX v22.3.3 Daemon Server] - 2026-01-10T15:17:45.859Z - Handled json message HASH_GLOB. Handling time: 0. Response time: 3.
[NX v22.3.3 Daemon Server] - 2026-01-10T15:17:45.860Z - Done responding to the client handleHashMultiGlob
[NX v22.3.3 Daemon Server] - 2026-01-10T15:17:45.860Z - Handled json message HASH_GLOB. Handling time: 0. Response time: 3.
[NX v22.3.3 Daemon Server] - 2026-01-10T15:17:45.860Z - Done responding to the client handleHashMultiGlob
[NX v22.3.3 Daemon Server] - 2026-01-10T15:17:45.860Z - Handled json message HASH_GLOB. Handling time: 1. Response time: 1.
Time for 'HASH_MULTI_GLOB round trip' 4.056899999268353
Time for 'deserialize daemon response - HASH_MULTI_GLOB' 0.007699999958276749
Time for 'nx/js/dependencies-and-lockfile:createNodes' 9.07839999999851
Time for '@nx/eslint/plugin:createNodes' 33.18889999948442
Unable to find local plugin [] Map(0) {}
[NX v22.3.3 Daemon Server] - 2026-01-10T15:17:45.891Z - Time taken for 'build-project-configs' 36.919700000435114ms
Time for 'build typescript dependencies' 3.0312000000849366
[NX v22.3.3 Daemon Server] - 2026-01-10T15:17:45.907Z - [SYNC]: collect registered sync generators
[NX v22.3.3 Daemon Server] - 2026-01-10T15:17:45.908Z - [SYNC]: project graph hash is the same, not collecting task sync generators
[NX v22.3.3 Daemon Server] - 2026-01-10T15:17:45.908Z - [SYNC]: nx.json hash is the same, not collecting global sync generators
[NX v22.3.3 Daemon Server] - 2026-01-10T15:17:45.908Z - Time taken for 'total execution time for createProjectGraph()' 18.859999999403954ms
[NX v22.3.3 Daemon Server] - 2026-01-10T15:17:50.180Z - [WATCHER]: 0 file(s) created or restored, 2 file(s) modified, 0 file(s) deleted
[NX v22.3.3 Daemon Server] - 2026-01-10T15:17:50.180Z - [SYNC]: clearing sync generators cache due to file changes
[NX v22.3.3 Daemon Server] - 2026-01-10T15:17:50.180Z - [WATCHER]: Processing file changes in outputs
[NX v22.3.3 Daemon Server] - 2026-01-10T15:17:50.317Z - [WATCHER]: .idea/dataSources/fc894f9a-d6b4-48c4-a8e0-6261b69bc26b/storage_v2/_src_/database/postgres.edMnLQ/schema/public.abK9xQ.meta was modified
[NX v22.3.3 Daemon Server] - 2026-01-10T15:17:50.318Z - [SYNC]: clearing sync generators cache due to file changes
[NX v22.3.3 Daemon Server] - 2026-01-10T15:17:50.318Z - [WATCHER]: Processing file changes in outputs
[NX v22.3.3 Daemon Server] - 2026-01-10T15:17:50.996Z - [REQUEST]: Updated workspace context based on watched changes, recomputing project graph...
[NX v22.3.3 Daemon Server] - 2026-01-10T15:17:50.996Z - [REQUEST]: .idea/dataSources/fc894f9a-d6b4-48c4-a8e0-6261b69bc26b/storage_v2/_src_/database/postgres.edMnLQ/schema/sideboard.78_6kQ.meta,.idea/dataSources/fc894f9a-d6b4-48c4-a8e0-6261b69bc26b/storage_v2/_src_/database/postgres.edMnLQ/schema/sideboard-db.HCtM0g.meta,.idea/dataSources/fc894f9a-d6b4-48c4-a8e0-6261b69bc26b/storage_v2/_src_/database/postgres.edMnLQ/schema/public.abK9xQ.meta
[NX v22.3.3 Daemon Server] - 2026-01-10T15:17:50.996Z - [REQUEST]: 
Time for 'daemon-message-serialization-HASH_GLOB' 0.011900000274181366
Time for 'daemon-message-serialization-GLOB' 0.011800000444054604
Time for 'daemon-message-serialization-HASH_MULTI_GLOB' 0.010000000707805157
Time for 'daemon-message-serialization-HASH_GLOB' 0.012200000695884228
Time for 'nx/core/project-json:createNodes' 0.6606000000610948
[NX v22.3.3 Daemon Server] - 2026-01-10T15:17:51.001Z - Received raw message of length 72
[NX v22.3.3 Daemon Server] - 2026-01-10T15:17:51.001Z - Received json message of type HASH_GLOB
Time for 'nx/core/package-json:createNodes' 1.183300000615418
[NX v22.3.3 Daemon Server] - 2026-01-10T15:17:51.002Z - Serializing response for HASH_GLOB message in json mode
[NX v22.3.3 Daemon Server] - 2026-01-10T15:17:51.002Z - Responding to HASH_GLOB message
[NX v22.3.3 Daemon Server] - 2026-01-10T15:17:51.002Z - [REQUEST]: Responding to the client. handleHashGlob
[NX v22.3.3 Daemon Server] - 2026-01-10T15:17:51.002Z - Received raw message of length 73
[NX v22.3.3 Daemon Server] - 2026-01-10T15:17:51.002Z - Received json message of type GLOB
Time for '@nx/playwright/plugin:createNodes' 4.36089999973774
Time for 'HASH_GLOB round trip' 2.796699999831617
Time for 'deserialize daemon response - HASH_GLOB' 0.009100000374019146
[NX v22.3.3 Daemon Server] - 2026-01-10T15:17:51.003Z - Serializing response for GLOB message in json mode
[NX v22.3.3 Daemon Server] - 2026-01-10T15:17:51.003Z - Responding to GLOB message
[NX v22.3.3 Daemon Server] - 2026-01-10T15:17:51.003Z - [REQUEST]: Responding to the client. handleGlob
[NX v22.3.3 Daemon Server] - 2026-01-10T15:17:51.003Z - Time taken for 'hash changed files from watcher' 0.6255999999120831ms
Time for 'GLOB round trip' 2.926099999807775
Time for 'deserialize daemon response - GLOB' 0.01529999915510416
Time for 'daemon-message-serialization-HASH_MULTI_GLOB' 0.014100000262260437
[NX v22.3.3 Daemon Server] - 2026-01-10T15:17:51.004Z - Received raw message of length 60
[NX v22.3.3 Daemon Server] - 2026-01-10T15:17:51.004Z - Received json message of type HASH_MULTI_GLOB
[NX v22.3.3 Daemon Server] - 2026-01-10T15:17:51.004Z - Serializing response for HASH_GLOB message in json mode
[NX v22.3.3 Daemon Server] - 2026-01-10T15:17:51.004Z - Responding to HASH_GLOB message
[NX v22.3.3 Daemon Server] - 2026-01-10T15:17:51.004Z - [REQUEST]: Responding to the client. handleHashMultiGlob
[NX v22.3.3 Daemon Server] - 2026-01-10T15:17:51.005Z - Received raw message of length 67
[NX v22.3.3 Daemon Server] - 2026-01-10T15:17:51.005Z - Received json message of type HASH_GLOB
Time for '@nx/jest/plugin:createNodes' 5.109899999573827
Time for 'HASH_MULTI_GLOB round trip' 3.433300000615418
Time for 'deserialize daemon response - HASH_MULTI_GLOB' 0.008400000631809235
[NX v22.3.3 Daemon Server] - 2026-01-10T15:17:51.005Z - Serializing response for HASH_GLOB message in json mode
[NX v22.3.3 Daemon Server] - 2026-01-10T15:17:51.005Z - Responding to HASH_GLOB message
[NX v22.3.3 Daemon Server] - 2026-01-10T15:17:51.005Z - [REQUEST]: Responding to the client. handleHashGlob
[NX v22.3.3 Daemon Server] - 2026-01-10T15:17:51.006Z - Done responding to the client handleHashGlob
[NX v22.3.3 Daemon Server] - 2026-01-10T15:17:51.006Z - Handled json message HASH_GLOB. Handling time: 1. Response time: 4.
[NX v22.3.3 Daemon Server] - 2026-01-10T15:17:51.006Z - Done responding to the client handleGlob
[NX v22.3.3 Daemon Server] - 2026-01-10T15:17:51.006Z - Handled json message GLOB. Handling time: 1. Response time: 3.
Time for '@nx/webpack/plugin:createNodes' 6.410499999299645
Time for 'HASH_GLOB round trip' 4.281599999405444
[NX v22.3.3 Daemon Server] - 2026-01-10T15:17:51.006Z - Received raw message of length 586
Time for 'deserialize daemon response - HASH_GLOB' 0.011500000022351742
[NX v22.3.3 Daemon Server] - 2026-01-10T15:17:51.006Z - Received json message of type HASH_MULTI_GLOB
[NX v22.3.3 Daemon Server] - 2026-01-10T15:17:51.008Z - Serializing response for HASH_GLOB message in json mode
[NX v22.3.3 Daemon Server] - 2026-01-10T15:17:51.008Z - Responding to HASH_GLOB message
[NX v22.3.3 Daemon Server] - 2026-01-10T15:17:51.008Z - [REQUEST]: Responding to the client. handleHashMultiGlob
[NX v22.3.3 Daemon Server] - 2026-01-10T15:17:51.008Z - Done responding to the client handleHashMultiGlob
[NX v22.3.3 Daemon Server] - 2026-01-10T15:17:51.008Z - Handled json message HASH_GLOB. Handling time: 0. Response time: 4.
[NX v22.3.3 Daemon Server] - 2026-01-10T15:17:51.008Z - Done responding to the client handleHashGlob
[NX v22.3.3 Daemon Server] - 2026-01-10T15:17:51.008Z - Handled json message HASH_GLOB. Handling time: 0. Response time: 3.
[NX v22.3.3 Daemon Server] - 2026-01-10T15:17:51.008Z - Done responding to the client handleHashMultiGlob
[NX v22.3.3 Daemon Server] - 2026-01-10T15:17:51.008Z - Handled json message HASH_GLOB. Handling time: 2. Response time: 0.
Time for 'HASH_MULTI_GLOB round trip' 4.136700000613928
Time for 'deserialize daemon response - HASH_MULTI_GLOB' 0.009800000116229057
Time for 'nx/js/dependencies-and-lockfile:createNodes' 7.541500000283122
Time for '@nx/eslint/plugin:createNodes' 27.22649999987334
Unable to find local plugin [] Map(0) {}
[NX v22.3.3 Daemon Server] - 2026-01-10T15:17:51.037Z - Time taken for 'build-project-configs' 31.58460000064224ms
Time for 'build typescript dependencies' 2.428999999538064
[NX v22.3.3 Daemon Server] - 2026-01-10T15:17:51.052Z - [SYNC]: collect registered sync generators
[NX v22.3.3 Daemon Server] - 2026-01-10T15:17:51.052Z - [SYNC]: project graph hash is the same, not collecting task sync generators
[NX v22.3.3 Daemon Server] - 2026-01-10T15:17:51.052Z - [SYNC]: nx.json hash is the same, not collecting global sync generators
[NX v22.3.3 Daemon Server] - 2026-01-10T15:17:51.053Z - Time taken for 'total execution time for createProjectGraph()' 19.60329999960959ms
[NX v22.3.3 Daemon Server] - 2026-01-10T15:18:05.249Z - [WATCHER]: .idea/dataSources/fc894f9a-d6b4-48c4-a8e0-6261b69bc26b/storage_v2/_src_/database/postgres.edMnLQ/schema/public.abK9xQ.meta was modified
[NX v22.3.3 Daemon Server] - 2026-01-10T15:18:05.249Z - [SYNC]: clearing sync generators cache due to file changes
[NX v22.3.3 Daemon Server] - 2026-01-10T15:18:05.249Z - [WATCHER]: Processing file changes in outputs
[NX v22.3.3 Daemon Server] - 2026-01-10T15:18:05.325Z - [WATCHER]: Processing file changes in outputs
[NX v22.3.3 Daemon Server] - 2026-01-10T15:18:05.326Z - [WATCHER]: .idea/dataSources/fc894f9a-d6b4-48c4-a8e0-6261b69bc26b/storage_v2/_src_/database/postgres.edMnLQ/schema/sideboard.78_6kQ.meta was modified
[NX v22.3.3 Daemon Server] - 2026-01-10T15:18:05.326Z - [SYNC]: clearing sync generators cache due to file changes
[NX v22.3.3 Daemon Server] - 2026-01-10T15:18:06.865Z - [REQUEST]: Updated workspace context based on watched changes, recomputing project graph...
[NX v22.3.3 Daemon Server] - 2026-01-10T15:18:06.865Z - [REQUEST]: .idea/dataSources/fc894f9a-d6b4-48c4-a8e0-6261b69bc26b/storage_v2/_src_/database/postgres.edMnLQ/schema/public.abK9xQ.meta,.idea/dataSources/fc894f9a-d6b4-48c4-a8e0-6261b69bc26b/storage_v2/_src_/database/postgres.edMnLQ/schema/sideboard.78_6kQ.meta
[NX v22.3.3 Daemon Server] - 2026-01-10T15:18:06.865Z - [REQUEST]: 
Time for 'daemon-message-serialization-HASH_GLOB' 0.010999999940395355
Time for 'daemon-message-serialization-GLOB' 0.010300000198185444
Time for 'daemon-message-serialization-HASH_MULTI_GLOB' 0.009800000116229057
Time for 'daemon-message-serialization-HASH_GLOB' 0.012600000016391277
[NX v22.3.3 Daemon Server] - 2026-01-10T15:18:06.870Z - Received raw message of length 72
Time for 'nx/core/project-json:createNodes' 0.5523000005632639
[NX v22.3.3 Daemon Server] - 2026-01-10T15:18:06.870Z - Received json message of type HASH_GLOB
Time for 'nx/core/package-json:createNodes' 1.0963999992236495
[NX v22.3.3 Daemon Server] - 2026-01-10T15:18:06.871Z - Serializing response for HASH_GLOB message in json mode
[NX v22.3.3 Daemon Server] - 2026-01-10T15:18:06.871Z - Responding to HASH_GLOB message
[NX v22.3.3 Daemon Server] - 2026-01-10T15:18:06.871Z - [REQUEST]: Responding to the client. handleHashGlob
[NX v22.3.3 Daemon Server] - 2026-01-10T15:18:06.871Z - Received raw message of length 73
[NX v22.3.3 Daemon Server] - 2026-01-10T15:18:06.871Z - Received json message of type GLOB
Time for '@nx/playwright/plugin:createNodes' 4.867999999783933
Time for 'HASH_GLOB round trip' 3.3650000002235174
Time for 'deserialize daemon response - HASH_GLOB' 0.008500000461935997
[NX v22.3.3 Daemon Server] - 2026-01-10T15:18:06.872Z - Serializing response for GLOB message in json mode
[NX v22.3.3 Daemon Server] - 2026-01-10T15:18:06.872Z - Responding to GLOB message
[NX v22.3.3 Daemon Server] - 2026-01-10T15:18:06.872Z - [REQUEST]: Responding to the client. handleGlob
Time for 'GLOB round trip' 3.74930000025779
Time for 'deserialize daemon response - GLOB' 0.01209999993443489
Time for 'daemon-message-serialization-HASH_MULTI_GLOB' 0.01140000019222498
[NX v22.3.3 Daemon Server] - 2026-01-10T15:18:06.873Z - Received raw message of length 60
[NX v22.3.3 Daemon Server] - 2026-01-10T15:18:06.873Z - Received json message of type HASH_MULTI_GLOB
[NX v22.3.3 Daemon Server] - 2026-01-10T15:18:06.873Z - Serializing response for HASH_GLOB message in json mode
[NX v22.3.3 Daemon Server] - 2026-01-10T15:18:06.873Z - Responding to HASH_GLOB message
[NX v22.3.3 Daemon Server] - 2026-01-10T15:18:06.873Z - [REQUEST]: Responding to the client. handleHashMultiGlob
[NX v22.3.3 Daemon Server] - 2026-01-10T15:18:06.873Z - Time taken for 'hash changed files from watcher' 0.43339999951422215ms
[NX v22.3.3 Daemon Server] - 2026-01-10T15:18:06.874Z - Received raw message of length 67
[NX v22.3.3 Daemon Server] - 2026-01-10T15:18:06.874Z - Received json message of type HASH_GLOB
Time for '@nx/jest/plugin:createNodes' 5.873499999754131
Time for 'HASH_MULTI_GLOB round trip' 4.010599999688566
Time for 'deserialize daemon response - HASH_MULTI_GLOB' 0.01119999960064888
[NX v22.3.3 Daemon Server] - 2026-01-10T15:18:06.874Z - Serializing response for HASH_GLOB message in json mode
[NX v22.3.3 Daemon Server] - 2026-01-10T15:18:06.874Z - Responding to HASH_GLOB message
[NX v22.3.3 Daemon Server] - 2026-01-10T15:18:06.874Z - [REQUEST]: Responding to the client. handleHashGlob
[NX v22.3.3 Daemon Server] - 2026-01-10T15:18:06.874Z - Done responding to the client handleHashGlob
[NX v22.3.3 Daemon Server] - 2026-01-10T15:18:06.874Z - Handled json message HASH_GLOB. Handling time: 1. Response time: 3.
[NX v22.3.3 Daemon Server] - 2026-01-10T15:18:06.875Z - Done responding to the client handleGlob
[NX v22.3.3 Daemon Server] - 2026-01-10T15:18:06.875Z - Handled json message GLOB. Handling time: 1. Response time: 3.
[NX v22.3.3 Daemon Server] - 2026-01-10T15:18:06.875Z - Received raw message of length 586
Time for '@nx/webpack/plugin:createNodes' 7.129200000315905
[NX v22.3.3 Daemon Server] - 2026-01-10T15:18:06.875Z - Received json message of type HASH_MULTI_GLOB
Time for 'HASH_GLOB round trip' 4.994599999859929
Time for 'deserialize daemon response - HASH_GLOB' 0.009100000374019146
[NX v22.3.3 Daemon Server] - 2026-01-10T15:18:06.876Z - Serializing response for HASH_GLOB message in json mode
[NX v22.3.3 Daemon Server] - 2026-01-10T15:18:06.876Z - Responding to HASH_GLOB message
[NX v22.3.3 Daemon Server] - 2026-01-10T15:18:06.876Z - [REQUEST]: Responding to the client. handleHashMultiGlob
[NX v22.3.3 Daemon Server] - 2026-01-10T15:18:06.876Z - Done responding to the client handleHashMultiGlob
[NX v22.3.3 Daemon Server] - 2026-01-10T15:18:06.876Z - Handled json message HASH_GLOB. Handling time: 0. Response time: 3.
[NX v22.3.3 Daemon Server] - 2026-01-10T15:18:06.877Z - Done responding to the client handleHashGlob
[NX v22.3.3 Daemon Server] - 2026-01-10T15:18:06.877Z - Handled json message HASH_GLOB. Handling time: 0. Response time: 3.
[NX v22.3.3 Daemon Server] - 2026-01-10T15:18:06.877Z - Done responding to the client handleHashMultiGlob
[NX v22.3.3 Daemon Server] - 2026-01-10T15:18:06.877Z - Handled json message HASH_GLOB. Handling time: 1. Response time: 1.
Time for 'HASH_MULTI_GLOB round trip' 4.041299999691546
Time for 'deserialize daemon response - HASH_MULTI_GLOB' 0.0071000000461936
Time for 'nx/js/dependencies-and-lockfile:createNodes' 9.31359999999404
Time for '@nx/eslint/plugin:createNodes' 28.282700000330806
Unable to find local plugin [] Map(0) {}
[NX v22.3.3 Daemon Server] - 2026-01-10T15:18:06.903Z - Time taken for 'build-project-configs' 31.275600000284612ms
Time for 'build typescript dependencies' 1.9879999998956919
[NX v22.3.3 Daemon Server] - 2026-01-10T15:18:06.917Z - [SYNC]: collect registered sync generators
[NX v22.3.3 Daemon Server] - 2026-01-10T15:18:06.917Z - [SYNC]: project graph hash is the same, not collecting task sync generators
[NX v22.3.3 Daemon Server] - 2026-01-10T15:18:06.917Z - [SYNC]: nx.json hash is the same, not collecting global sync generators
[NX v22.3.3 Daemon Server] - 2026-01-10T15:18:06.917Z - Time taken for 'total execution time for createProjectGraph()' 16.725300000049174ms
[NX v22.3.3 Daemon Server] - 2026-01-10T15:18:10.968Z - Established a connection. Number of open connections: 5
[NX v22.3.3 Daemon Server] - 2026-01-10T15:18:10.969Z - Closed a connection. Number of open connections: 4
[NX v22.3.3 Daemon Server] - 2026-01-10T15:18:10.969Z - Established a connection. Number of open connections: 5
[NX v22.3.3 Daemon Server] - 2026-01-10T15:18:11.340Z - Received raw message of length 32
[NX v22.3.3 Daemon Server] - 2026-01-10T15:18:11.340Z - Received json message of type GET_NX_CONSOLE_STATUS
[NX v22.3.3 Daemon Server] - 2026-01-10T15:18:11.340Z - Serializing response for GET_NX_CONSOLE_STATUS message in json mode
[NX v22.3.3 Daemon Server] - 2026-01-10T15:18:11.340Z - Responding to GET_NX_CONSOLE_STATUS message
[NX v22.3.3 Daemon Server] - 2026-01-10T15:18:11.340Z - [REQUEST]: Responding to the client. handleGetNxConsoleStatus
[NX v22.3.3 Daemon Server] - 2026-01-10T15:18:11.340Z - Done responding to the client handleGetNxConsoleStatus
[NX v22.3.3 Daemon Server] - 2026-01-10T15:18:11.340Z - Handled json message GET_NX_CONSOLE_STATUS. Handling time: 0. Response time: 0.
[NX v22.3.3 Daemon Server] - 2026-01-10T15:18:11.418Z - Received raw message of length 32
[NX v22.3.3 Daemon Server] - 2026-01-10T15:18:11.418Z - Received json message of type REQUEST_PROJECT_GRAPH
[NX v22.3.3 Daemon Server] - 2026-01-10T15:18:11.418Z - [REQUEST]: Client Request for Project Graph Received
[NX v22.3.3 Daemon Server] - 2026-01-10T15:18:11.418Z - Reusing in-memory cached project graph because no files changed.
[NX v22.3.3 Daemon Server] - 2026-01-10T15:18:11.463Z - Wrote project graph cache to C:\Users\mariu\WebstormProjects\Sideboard\.nx\workspace-data\project-graph.json
[NX v22.3.3 Daemon Server] - 2026-01-10T15:18:11.463Z - Serializing response for REQUEST_PROJECT_GRAPH message in json mode
[NX v22.3.3 Daemon Server] - 2026-01-10T15:18:11.463Z - Responding to REQUEST_PROJECT_GRAPH message
[NX v22.3.3 Daemon Server] - 2026-01-10T15:18:11.463Z - [REQUEST]: Responding to the client. project-graph
[NX v22.3.3 Daemon Server] - 2026-01-10T15:18:11.464Z - Time taken for 'total for creating and serializing project graph' 45.40689999982715ms
[NX v22.3.3 Daemon Server] - 2026-01-10T15:18:11.465Z - Done responding to the client project-graph
[NX v22.3.3 Daemon Server] - 2026-01-10T15:18:11.465Z - Handled json message REQUEST_PROJECT_GRAPH. Handling time: 45. Response time: 2.
[NX v22.3.3 Daemon Server] - 2026-01-10T15:18:11.470Z - Received raw message of length 1261
[NX v22.3.3 Daemon Server] - 2026-01-10T15:18:11.470Z - Received json message of type PRE_TASKS_EXECUTION
[NX v22.3.3 Daemon Server] - 2026-01-10T15:18:11.471Z - Serializing response for PRE_TASKS_EXECUTION message in json mode
[NX v22.3.3 Daemon Server] - 2026-01-10T15:18:11.471Z - Responding to PRE_TASKS_EXECUTION message
[NX v22.3.3 Daemon Server] - 2026-01-10T15:18:11.471Z - [REQUEST]: Responding to the client. handleRunPreTasksExecution
[NX v22.3.3 Daemon Server] - 2026-01-10T15:18:11.471Z - Time taken for 'preTasksExecution' 0.3610000004991889ms
[NX v22.3.3 Daemon Server] - 2026-01-10T15:18:11.471Z - Done responding to the client handleRunPreTasksExecution
[NX v22.3.3 Daemon Server] - 2026-01-10T15:18:11.471Z - Handled json message PRE_TASKS_EXECUTION. Handling time: 1. Response time: 0.
[NX v22.3.3 Daemon Server] - 2026-01-10T15:18:11.502Z - Received raw message of length 5703
[NX v22.3.3 Daemon Server] - 2026-01-10T15:18:11.502Z - Received json message of type HASH_TASKS
[NX v22.3.3 Daemon Server] - 2026-01-10T15:18:11.502Z - Reusing in-memory cached project graph because no files changed.
[NX v22.3.3 Daemon Server] - 2026-01-10T15:18:11.509Z - Wrote project graph cache to C:\Users\mariu\WebstormProjects\Sideboard\.nx\workspace-data\project-graph.json
DEBUG nx::native::tasks::hash_planner: get_plans_internal COMPLETED in 2.9709ms - processed 1 tasks (setup: 2.682ms, parallel_planning: 283.8µs)
DEBUG nx::native::tasks::hashers::hash_workspace_files: Hashing workspace fileset{cache_key="nx.json,.gitignore,.nxignore"}: Adding "16220110815332185737" (".gitignore") to hash
DEBUG nx::native::tasks::hashers::hash_workspace_files: Hashing workspace fileset{cache_key="nx.json,.gitignore,.nxignore"}: Adding "9691923261939552420" ("nx.json") to hash
DEBUG nx::native::tasks::hashers::hash_workspace_files: Hashing workspace fileset{cache_key="nx.json,.gitignore,.nxignore"}: Hash Value: "5666588748370749329"
DEBUG nx::native::tasks::task_hasher: hash_plans COMPLETED in 2.0481ms - processed 1 plans (setup: 199.4µs, hashing: 1.8472ms, assembly: 1.0695ms)
[NX v22.3.3 Daemon Server] - 2026-01-10T15:18:11.520Z - Serializing response for HASH_TASKS message in json mode
[NX v22.3.3 Daemon Server] - 2026-01-10T15:18:11.520Z - Responding to HASH_TASKS message
[NX v22.3.3 Daemon Server] - 2026-01-10T15:18:11.520Z - [REQUEST]: Responding to the client. handleHashTasks
[NX v22.3.3 Daemon Server] - 2026-01-10T15:18:11.520Z - Time taken for 'write cache' 7.175000000745058ms
[NX v22.3.3 Daemon Server] - 2026-01-10T15:18:11.521Z - Done responding to the client handleHashTasks
[NX v22.3.3 Daemon Server] - 2026-01-10T15:18:11.521Z - Handled json message HASH_TASKS. Handling time: 18. Response time: 1.
[NX v22.3.3 Daemon Server] - 2026-01-10T15:18:11.564Z - Received raw message of length 88
[NX v22.3.3 Daemon Server] - 2026-01-10T15:18:11.564Z - Received json message of type GET_ESTIMATED_TASK_TIMINGS
[NX v22.3.3 Daemon Server] - 2026-01-10T15:18:11.564Z - Serializing response for GET_ESTIMATED_TASK_TIMINGS message in json mode
[NX v22.3.3 Daemon Server] - 2026-01-10T15:18:11.564Z - Responding to GET_ESTIMATED_TASK_TIMINGS message
[NX v22.3.3 Daemon Server] - 2026-01-10T15:18:11.564Z - [REQUEST]: Responding to the client. handleGetEstimatedTaskTimings
[NX v22.3.3 Daemon Server] - 2026-01-10T15:18:11.564Z - Done responding to the client handleGetEstimatedTaskTimings
[NX v22.3.3 Daemon Server] - 2026-01-10T15:18:11.564Z - Handled json message GET_ESTIMATED_TASK_TIMINGS. Handling time: 0. Response time: 0.
[NX v22.3.3 Daemon Server] - 2026-01-10T15:18:20.360Z - [WATCHER]: 0 file(s) created or restored, 0 file(s) modified, 2 file(s) deleted
[NX v22.3.3 Daemon Server] - 2026-01-10T15:18:20.360Z - [SYNC]: clearing sync generators cache due to file changes
[NX v22.3.3 Daemon Server] - 2026-01-10T15:18:20.360Z - [WATCHER]: Processing file changes in outputs
[NX v22.3.3 Daemon Server] - 2026-01-10T15:18:20.467Z - [REQUEST]: Updated workspace context based on watched changes, recomputing project graph...
[NX v22.3.3 Daemon Server] - 2026-01-10T15:18:20.467Z - [REQUEST]: 
[NX v22.3.3 Daemon Server] - 2026-01-10T15:18:20.467Z - [REQUEST]: .idea/dataSources/fc894f9a-d6b4-48c4-a8e0-6261b69bc26b.xml.tmp,.idea/dataSources/fc894f9a-d6b4-48c4-a8e0-6261b69bc26b.xml
Time for 'daemon-message-serialization-HASH_GLOB' 0.009499999694526196
Time for 'daemon-message-serialization-GLOB' 0.008500000461935997
Time for 'daemon-message-serialization-HASH_MULTI_GLOB' 0.010400000028312206
Time for 'nx/core/project-json:createNodes' 0.5592000000178814
[NX v22.3.3 Daemon Server] - 2026-01-10T15:18:20.471Z - Received raw message of length 72
[NX v22.3.3 Daemon Server] - 2026-01-10T15:18:20.471Z - Received json message of type HASH_GLOB
Time for 'daemon-message-serialization-HASH_GLOB' 0.011699999682605267
[NX v22.3.3 Daemon Server] - 2026-01-10T15:18:20.472Z - Serializing response for HASH_GLOB message in json mode
[NX v22.3.3 Daemon Server] - 2026-01-10T15:18:20.472Z - Responding to HASH_GLOB message
[NX v22.3.3 Daemon Server] - 2026-01-10T15:18:20.472Z - [REQUEST]: Responding to the client. handleHashGlob
Time for 'nx/core/package-json:createNodes' 1.2619000002741814
[NX v22.3.3 Daemon Server] - 2026-01-10T15:18:20.472Z - Received raw message of length 73
[NX v22.3.3 Daemon Server] - 2026-01-10T15:18:20.472Z - Received json message of type GLOB
[NX v22.3.3 Daemon Server] - 2026-01-10T15:18:20.473Z - Serializing response for GLOB message in json mode
Time for '@nx/playwright/plugin:createNodes' 4.327800000086427
Time for 'HASH_GLOB round trip' 2.4430999998003244
Time for 'deserialize daemon response - HASH_GLOB' 0.01209999993443489
[NX v22.3.3 Daemon Server] - 2026-01-10T15:18:20.473Z - Responding to GLOB message
[NX v22.3.3 Daemon Server] - 2026-01-10T15:18:20.473Z - [REQUEST]: Responding to the client. handleGlob
[NX v22.3.3 Daemon Server] - 2026-01-10T15:18:20.473Z - Time taken for 'hash changed files from watcher' 0.46909999940544367ms
Time for 'GLOB round trip' 3.032399999909103
Time for 'deserialize daemon response - GLOB' 0.015399999916553497
Time for 'daemon-message-serialization-HASH_MULTI_GLOB' 0.011800000444054604
[NX v22.3.3 Daemon Server] - 2026-01-10T15:18:20.474Z - Received raw message of length 60
[NX v22.3.3 Daemon Server] - 2026-01-10T15:18:20.474Z - Received json message of type HASH_MULTI_GLOB
[NX v22.3.3 Daemon Server] - 2026-01-10T15:18:20.474Z - Serializing response for HASH_GLOB message in json mode
[NX v22.3.3 Daemon Server] - 2026-01-10T15:18:20.474Z - Responding to HASH_GLOB message
[NX v22.3.3 Daemon Server] - 2026-01-10T15:18:20.475Z - [REQUEST]: Responding to the client. handleHashMultiGlob
[NX v22.3.3 Daemon Server] - 2026-01-10T15:18:20.475Z - Received raw message of length 67
[NX v22.3.3 Daemon Server] - 2026-01-10T15:18:20.475Z - Received json message of type HASH_GLOB
Time for '@nx/jest/plugin:createNodes' 5.206299999728799
Time for 'HASH_MULTI_GLOB round trip' 3.5841000005602837
Time for 'deserialize daemon response - HASH_MULTI_GLOB' 0.010100000537931919
[NX v22.3.3 Daemon Server] - 2026-01-10T15:18:20.475Z - Serializing response for HASH_GLOB message in json mode
[NX v22.3.3 Daemon Server] - 2026-01-10T15:18:20.475Z - Responding to HASH_GLOB message
[NX v22.3.3 Daemon Server] - 2026-01-10T15:18:20.475Z - [REQUEST]: Responding to the client. handleHashGlob
[NX v22.3.3 Daemon Server] - 2026-01-10T15:18:20.476Z - Done responding to the client handleHashGlob
[NX v22.3.3 Daemon Server] - 2026-01-10T15:18:20.476Z - Handled json message HASH_GLOB. Handling time: 1. Response time: 4.
[NX v22.3.3 Daemon Server] - 2026-01-10T15:18:20.476Z - Done responding to the client handleGlob
[NX v22.3.3 Daemon Server] - 2026-01-10T15:18:20.476Z - Handled json message GLOB. Handling time: 1. Response time: 3.
[NX v22.3.3 Daemon Server] - 2026-01-10T15:18:20.476Z - Received raw message of length 586
[NX v22.3.3 Daemon Server] - 2026-01-10T15:18:20.476Z - Received json message of type HASH_MULTI_GLOB
Time for '@nx/webpack/plugin:createNodes' 6.356200000271201
Time for 'HASH_GLOB round trip' 4.305100000463426
Time for 'deserialize daemon response - HASH_GLOB' 0.009800000116229057
[NX v22.3.3 Daemon Server] - 2026-01-10T15:18:20.478Z - Serializing response for HASH_GLOB message in json mode
[NX v22.3.3 Daemon Server] - 2026-01-10T15:18:20.478Z - Responding to HASH_GLOB message
[NX v22.3.3 Daemon Server] - 2026-01-10T15:18:20.478Z - [REQUEST]: Responding to the client. handleHashMultiGlob
[NX v22.3.3 Daemon Server] - 2026-01-10T15:18:20.478Z - Done responding to the client handleHashMultiGlob
[NX v22.3.3 Daemon Server] - 2026-01-10T15:18:20.478Z - Handled json message HASH_GLOB. Handling time: 0. Response time: 4.
[NX v22.3.3 Daemon Server] - 2026-01-10T15:18:20.478Z - Done responding to the client handleHashGlob
[NX v22.3.3 Daemon Server] - 2026-01-10T15:18:20.478Z - Handled json message HASH_GLOB. Handling time: 0. Response time: 3.
[NX v22.3.3 Daemon Server] - 2026-01-10T15:18:20.478Z - Done responding to the client handleHashMultiGlob
[NX v22.3.3 Daemon Server] - 2026-01-10T15:18:20.478Z - Handled json message HASH_GLOB. Handling time: 2. Response time: 0.
Time for 'nx/js/dependencies-and-lockfile:createNodes' 6.809700000099838
Time for '@nx/eslint/plugin:createNodes' 9.187699999660254
Time for 'HASH_MULTI_GLOB round trip' 4.212900000624359
Time for 'deserialize daemon response - HASH_MULTI_GLOB' 0.007000000216066837
Unable to find local plugin [] Map(0) {}
[NX v22.3.3 Daemon Server] - 2026-01-10T15:18:20.487Z - Time taken for 'build-project-configs' 13.475899999961257ms
Time for 'build typescript dependencies' 0.00950000062584877
[NX v22.3.3 Daemon Server] - 2026-01-10T15:18:20.500Z - [SYNC]: collect registered sync generators
[NX v22.3.3 Daemon Server] - 2026-01-10T15:18:20.500Z - [SYNC]: project graph hash is the same, not collecting task sync generators
[NX v22.3.3 Daemon Server] - 2026-01-10T15:18:20.500Z - [SYNC]: nx.json hash is the same, not collecting global sync generators
[NX v22.3.3 Daemon Server] - 2026-01-10T15:18:20.500Z - Time taken for 'total execution time for createProjectGraph()' 15.301300000399351ms
[NX v22.3.3 Daemon Server] - 2026-01-10T15:18:24.942Z - Closed a connection. Number of open connections: 4
[NX v22.3.3 Daemon Server] - 2026-01-10T15:19:44.913Z - [WATCHER]: Processing file changes in outputs
[NX v22.3.3 Daemon Server] - 2026-01-10T15:19:44.914Z - [WATCHER]: backend/src/app/app.module.ts was modified
[NX v22.3.3 Daemon Server] - 2026-01-10T15:19:44.914Z - [SYNC]: clearing sync generators cache due to file changes
[NX v22.3.3 Daemon Server] - 2026-01-10T15:19:45.117Z - [REQUEST]: Updated workspace context based on watched changes, recomputing project graph...
[NX v22.3.3 Daemon Server] - 2026-01-10T15:19:45.117Z - [REQUEST]: backend/src/app/app.module.ts
[NX v22.3.3 Daemon Server] - 2026-01-10T15:19:45.117Z - [REQUEST]: 
Time for 'daemon-message-serialization-HASH_GLOB' 0.008499999530613422
Time for 'daemon-message-serialization-GLOB' 0.010100000537931919
Time for 'nx/core/project-json:createNodes' 0.49700000043958426
[NX v22.3.3 Daemon Server] - 2026-01-10T15:19:45.121Z - Received raw message of length 72
[NX v22.3.3 Daemon Server] - 2026-01-10T15:19:45.121Z - Received json message of type HASH_GLOB
Time for 'daemon-message-serialization-HASH_GLOB' 0.009499999694526196
Time for 'daemon-message-serialization-HASH_MULTI_GLOB' 0.008200000040233135
Time for 'nx/core/package-json:createNodes' 1.1447999998927116
[NX v22.3.3 Daemon Server] - 2026-01-10T15:19:45.122Z - Serializing response for HASH_GLOB message in json mode
[NX v22.3.3 Daemon Server] - 2026-01-10T15:19:45.122Z - Responding to HASH_GLOB message
[NX v22.3.3 Daemon Server] - 2026-01-10T15:19:45.122Z - [REQUEST]: Responding to the client. handleHashGlob
[NX v22.3.3 Daemon Server] - 2026-01-10T15:19:45.122Z - Time taken for 'hash changed files from watcher' 0.422800000756979ms
[NX v22.3.3 Daemon Server] - 2026-01-10T15:19:45.122Z - Received raw message of length 73
[NX v22.3.3 Daemon Server] - 2026-01-10T15:19:45.122Z - Received json message of type GLOB
Time for '@nx/playwright/plugin:createNodes' 3.254100000485778
Time for 'HASH_GLOB round trip' 1.8900999994948506
Time for 'deserialize daemon response - HASH_GLOB' 0.0068999994546175
[NX v22.3.3 Daemon Server] - 2026-01-10T15:19:45.123Z - Serializing response for GLOB message in json mode
[NX v22.3.3 Daemon Server] - 2026-01-10T15:19:45.123Z - Responding to GLOB message
[NX v22.3.3 Daemon Server] - 2026-01-10T15:19:45.123Z - [REQUEST]: Responding to the client. handleGlob
Time for 'GLOB round trip' 2.379700000397861
Time for 'deserialize daemon response - GLOB' 0.011099999770522118
Time for 'daemon-message-serialization-HASH_MULTI_GLOB' 0.009999999776482582
[NX v22.3.3 Daemon Server] - 2026-01-10T15:19:45.123Z - Received raw message of length 67
[NX v22.3.3 Daemon Server] - 2026-01-10T15:19:45.124Z - Received json message of type HASH_GLOB
[NX v22.3.3 Daemon Server] - 2026-01-10T15:19:45.124Z - Serializing response for HASH_GLOB message in json mode
[NX v22.3.3 Daemon Server] - 2026-01-10T15:19:45.124Z - Responding to HASH_GLOB message
[NX v22.3.3 Daemon Server] - 2026-01-10T15:19:45.124Z - [REQUEST]: Responding to the client. handleHashGlob
[NX v22.3.3 Daemon Server] - 2026-01-10T15:19:45.124Z - Received raw message of length 60
[NX v22.3.3 Daemon Server] - 2026-01-10T15:19:45.124Z - Received json message of type HASH_MULTI_GLOB
[NX v22.3.3 Daemon Server] - 2026-01-10T15:19:45.125Z - Serializing response for HASH_GLOB message in json mode
[NX v22.3.3 Daemon Server] - 2026-01-10T15:19:45.125Z - Responding to HASH_GLOB message
[NX v22.3.3 Daemon Server] - 2026-01-10T15:19:45.125Z - [REQUEST]: Responding to the client. handleHashMultiGlob
[NX v22.3.3 Daemon Server] - 2026-01-10T15:19:45.125Z - Done responding to the client handleHashGlob
[NX v22.3.3 Daemon Server] - 2026-01-10T15:19:45.125Z - Handled json message HASH_GLOB. Handling time: 1. Response time: 3.
[NX v22.3.3 Daemon Server] - 2026-01-10T15:19:45.125Z - Done responding to the client handleGlob
[NX v22.3.3 Daemon Server] - 2026-01-10T15:19:45.125Z - Handled json message GLOB. Handling time: 1. Response time: 2.
Time for '@nx/webpack/plugin:createNodes' 5.416000000201166
Time for 'HASH_GLOB round trip' 2.7104000002145767
Time for 'deserialize daemon response - HASH_GLOB' 0.007699999958276749
[NX v22.3.3 Daemon Server] - 2026-01-10T15:19:45.126Z - Received raw message of length 586
[NX v22.3.3 Daemon Server] - 2026-01-10T15:19:45.126Z - Received json message of type HASH_MULTI_GLOB
[NX v22.3.3 Daemon Server] - 2026-01-10T15:19:45.127Z - Serializing response for HASH_GLOB message in json mode
[NX v22.3.3 Daemon Server] - 2026-01-10T15:19:45.127Z - Responding to HASH_GLOB message
[NX v22.3.3 Daemon Server] - 2026-01-10T15:19:45.127Z - [REQUEST]: Responding to the client. handleHashMultiGlob
[NX v22.3.3 Daemon Server] - 2026-01-10T15:19:45.127Z - Done responding to the client handleHashGlob
[NX v22.3.3 Daemon Server] - 2026-01-10T15:19:45.127Z - Handled json message HASH_GLOB. Handling time: 0. Response time: 3.
[NX v22.3.3 Daemon Server] - 2026-01-10T15:19:45.127Z - Done responding to the client handleHashMultiGlob
[NX v22.3.3 Daemon Server] - 2026-01-10T15:19:45.127Z - Handled json message HASH_GLOB. Handling time: 1. Response time: 2.
[NX v22.3.3 Daemon Server] - 2026-01-10T15:19:45.127Z - Done responding to the client handleHashMultiGlob
[NX v22.3.3 Daemon Server] - 2026-01-10T15:19:45.127Z - Handled json message HASH_GLOB. Handling time: 1. Response time: 0.
Time for 'HASH_MULTI_GLOB round trip' 3.9468999998643994
Time for 'deserialize daemon response - HASH_MULTI_GLOB' 0.0066999997943639755
Time for 'nx/js/dependencies-and-lockfile:createNodes' 6.977699999697506
Time for '@nx/jest/plugin:createNodes' 11.826299999840558
Time for 'HASH_MULTI_GLOB round trip' 3.520999999716878
Time for 'deserialize daemon response - HASH_MULTI_GLOB' 0.007799999788403511
[NX v22.3.3 Daemon Server] - 2026-01-10T15:19:45.144Z - Established a connection. Number of open connections: 5
[NX v22.3.3 Daemon Server] - 2026-01-10T15:19:45.144Z - Closed a connection. Number of open connections: 4
[NX v22.3.3 Daemon Server] - 2026-01-10T15:19:45.144Z - Established a connection. Number of open connections: 5
Time for '@nx/eslint/plugin:createNodes' 27.421500000171363
Unable to find local plugin [] Map(0) {}
[NX v22.3.3 Daemon Server] - 2026-01-10T15:19:45.155Z - Time taken for 'build-project-configs' 30.529099999926984ms
Time for 'build typescript dependencies' 3.065399999730289
[NX v22.3.3 Daemon Server] - 2026-01-10T15:19:45.172Z - [SYNC]: collect registered sync generators
[NX v22.3.3 Daemon Server] - 2026-01-10T15:19:45.172Z - [SYNC]: project graph hash is the same, not collecting task sync generators
[NX v22.3.3 Daemon Server] - 2026-01-10T15:19:45.172Z - [SYNC]: nx.json hash is the same, not collecting global sync generators
[NX v22.3.3 Daemon Server] - 2026-01-10T15:19:45.172Z - Time taken for 'total execution time for createProjectGraph()' 19.698800000362098ms
[NX v22.3.3 Daemon Server] - 2026-01-10T15:19:45.479Z - Received raw message of length 32
[NX v22.3.3 Daemon Server] - 2026-01-10T15:19:45.479Z - Received json message of type GET_NX_CONSOLE_STATUS
[NX v22.3.3 Daemon Server] - 2026-01-10T15:19:45.479Z - Serializing response for GET_NX_CONSOLE_STATUS message in json mode
[NX v22.3.3 Daemon Server] - 2026-01-10T15:19:45.479Z - Responding to GET_NX_CONSOLE_STATUS message
[NX v22.3.3 Daemon Server] - 2026-01-10T15:19:45.479Z - [REQUEST]: Responding to the client. handleGetNxConsoleStatus
[NX v22.3.3 Daemon Server] - 2026-01-10T15:19:45.479Z - Done responding to the client handleGetNxConsoleStatus
[NX v22.3.3 Daemon Server] - 2026-01-10T15:19:45.479Z - Handled json message GET_NX_CONSOLE_STATUS. Handling time: 0. Response time: 0.
[NX v22.3.3 Daemon Server] - 2026-01-10T15:19:45.546Z - Received raw message of length 32
[NX v22.3.3 Daemon Server] - 2026-01-10T15:19:45.546Z - Received json message of type REQUEST_PROJECT_GRAPH
[NX v22.3.3 Daemon Server] - 2026-01-10T15:19:45.546Z - [REQUEST]: Client Request for Project Graph Received
[NX v22.3.3 Daemon Server] - 2026-01-10T15:19:45.546Z - Reusing in-memory cached project graph because no files changed.
[NX v22.3.3 Daemon Server] - 2026-01-10T15:19:45.553Z - Wrote project graph cache to C:\Users\mariu\WebstormProjects\Sideboard\.nx\workspace-data\project-graph.json
[NX v22.3.3 Daemon Server] - 2026-01-10T15:19:45.553Z - Serializing response for REQUEST_PROJECT_GRAPH message in json mode
[NX v22.3.3 Daemon Server] - 2026-01-10T15:19:45.553Z - Responding to REQUEST_PROJECT_GRAPH message
[NX v22.3.3 Daemon Server] - 2026-01-10T15:19:45.553Z - [REQUEST]: Responding to the client. project-graph
[NX v22.3.3 Daemon Server] - 2026-01-10T15:19:45.554Z - Time taken for 'total for creating and serializing project graph' 7.053700000047684ms
[NX v22.3.3 Daemon Server] - 2026-01-10T15:19:45.554Z - Done responding to the client project-graph
[NX v22.3.3 Daemon Server] - 2026-01-10T15:19:45.554Z - Handled json message REQUEST_PROJECT_GRAPH. Handling time: 7. Response time: 1.
[NX v22.3.3 Daemon Server] - 2026-01-10T15:19:45.558Z - Received raw message of length 1261
[NX v22.3.3 Daemon Server] - 2026-01-10T15:19:45.558Z - Received json message of type PRE_TASKS_EXECUTION
[NX v22.3.3 Daemon Server] - 2026-01-10T15:19:45.558Z - Serializing response for PRE_TASKS_EXECUTION message in json mode
[NX v22.3.3 Daemon Server] - 2026-01-10T15:19:45.559Z - Responding to PRE_TASKS_EXECUTION message
[NX v22.3.3 Daemon Server] - 2026-01-10T15:19:45.559Z - [REQUEST]: Responding to the client. handleRunPreTasksExecution
[NX v22.3.3 Daemon Server] - 2026-01-10T15:19:45.559Z - Time taken for 'preTasksExecution' 0.20590000040829182ms
[NX v22.3.3 Daemon Server] - 2026-01-10T15:19:45.559Z - Done responding to the client handleRunPreTasksExecution
[NX v22.3.3 Daemon Server] - 2026-01-10T15:19:45.559Z - Handled json message PRE_TASKS_EXECUTION. Handling time: 0. Response time: 1.
[NX v22.3.3 Daemon Server] - 2026-01-10T15:19:45.583Z - Received raw message of length 5703
[NX v22.3.3 Daemon Server] - 2026-01-10T15:19:45.584Z - Received json message of type HASH_TASKS
[NX v22.3.3 Daemon Server] - 2026-01-10T15:19:45.584Z - Reusing in-memory cached project graph because no files changed.
[NX v22.3.3 Daemon Server] - 2026-01-10T15:19:45.590Z - Wrote project graph cache to C:\Users\mariu\WebstormProjects\Sideboard\.nx\workspace-data\project-graph.json
DEBUG nx::native::tasks::hash_planner: get_plans_internal COMPLETED in 2.5566ms - processed 1 tasks (setup: 2.2884ms, parallel_planning: 265.3µs)
DEBUG nx::native::tasks::hashers::hash_workspace_files: Hashing workspace fileset{cache_key="nx.json,.gitignore,.nxignore"}: Adding "16220110815332185737" (".gitignore") to hash
DEBUG nx::native::tasks::hashers::hash_workspace_files: Hashing workspace fileset{cache_key="nx.json,.gitignore,.nxignore"}: Adding "9691923261939552420" ("nx.json") to hash
DEBUG nx::native::tasks::hashers::hash_workspace_files: Hashing workspace fileset{cache_key="nx.json,.gitignore,.nxignore"}: Hash Value: "5666588748370749329"
DEBUG nx::native::tasks::task_hasher: hash_plans COMPLETED in 1.8799ms - processed 1 plans (setup: 197µs, hashing: 1.6814ms, assembly: 1.0383ms)
[NX v22.3.3 Daemon Server] - 2026-01-10T15:19:45.599Z - Serializing response for HASH_TASKS message in json mode
[NX v22.3.3 Daemon Server] - 2026-01-10T15:19:45.599Z - Responding to HASH_TASKS message
[NX v22.3.3 Daemon Server] - 2026-01-10T15:19:45.599Z - [REQUEST]: Responding to the client. handleHashTasks
[NX v22.3.3 Daemon Server] - 2026-01-10T15:19:45.599Z - Time taken for 'write cache' 6.121600000187755ms
[NX v22.3.3 Daemon Server] - 2026-01-10T15:19:45.599Z - Done responding to the client handleHashTasks
[NX v22.3.3 Daemon Server] - 2026-01-10T15:19:45.599Z - Handled json message HASH_TASKS. Handling time: 15. Response time: 0.
[NX v22.3.3 Daemon Server] - 2026-01-10T15:19:45.609Z - Received raw message of length 88
[NX v22.3.3 Daemon Server] - 2026-01-10T15:19:45.609Z - Received json message of type GET_ESTIMATED_TASK_TIMINGS
[NX v22.3.3 Daemon Server] - 2026-01-10T15:19:45.610Z - Serializing response for GET_ESTIMATED_TASK_TIMINGS message in json mode
[NX v22.3.3 Daemon Server] - 2026-01-10T15:19:45.610Z - Responding to GET_ESTIMATED_TASK_TIMINGS message
[NX v22.3.3 Daemon Server] - 2026-01-10T15:19:45.610Z - [REQUEST]: Responding to the client. handleGetEstimatedTaskTimings
[NX v22.3.3 Daemon Server] - 2026-01-10T15:19:45.610Z - Done responding to the client handleGetEstimatedTaskTimings
[NX v22.3.3 Daemon Server] - 2026-01-10T15:19:45.610Z - Handled json message GET_ESTIMATED_TASK_TIMINGS. Handling time: 1. Response time: 0.
[NX v22.3.3 Daemon Server] - 2026-01-10T15:19:49.199Z - [WATCHER]: Processing file changes in outputs
[NX v22.3.3 Daemon Server] - 2026-01-10T15:19:49.200Z - [WATCHER]: 0 file(s) created or restored, 2 file(s) modified, 0 file(s) deleted
[NX v22.3.3 Daemon Server] - 2026-01-10T15:19:49.200Z - [SYNC]: clearing sync generators cache due to file changes
[NX v22.3.3 Daemon Server] - 2026-01-10T15:19:49.310Z - [REQUEST]: Updated workspace context based on watched changes, recomputing project graph...
[NX v22.3.3 Daemon Server] - 2026-01-10T15:19:49.310Z - [REQUEST]: dist/backend/main.js,dist/backend/main.js.map
[NX v22.3.3 Daemon Server] - 2026-01-10T15:19:49.310Z - [REQUEST]: 
Time for 'daemon-message-serialization-HASH_GLOB' 0.008699999190866947
Time for 'daemon-message-serialization-GLOB' 0.008500000461935997
Time for 'nx/core/project-json:createNodes' 0.5335999997332692
Time for 'daemon-message-serialization-HASH_MULTI_GLOB' 0.008999999612569809
Time for 'daemon-message-serialization-HASH_GLOB' 0.010400000028312206
[NX v22.3.3 Daemon Server] - 2026-01-10T15:19:49.314Z - Received raw message of length 72
[NX v22.3.3 Daemon Server] - 2026-01-10T15:19:49.314Z - Received json message of type HASH_GLOB
Time for 'nx/core/package-json:createNodes' 1.2440999997779727
[NX v22.3.3 Daemon Server] - 2026-01-10T15:19:49.315Z - Serializing response for HASH_GLOB message in json mode
[NX v22.3.3 Daemon Server] - 2026-01-10T15:19:49.315Z - Responding to HASH_GLOB message
[NX v22.3.3 Daemon Server] - 2026-01-10T15:19:49.315Z - [REQUEST]: Responding to the client. handleHashGlob
[NX v22.3.3 Daemon Server] - 2026-01-10T15:19:49.315Z - Time taken for 'hash changed files from watcher' 0.4874999998137355ms
[NX v22.3.3 Daemon Server] - 2026-01-10T15:19:49.315Z - Received raw message of length 73
[NX v22.3.3 Daemon Server] - 2026-01-10T15:19:49.315Z - Received json message of type GLOB
Time for '@nx/playwright/plugin:createNodes' 3.6414000000804663
Time for 'HASH_GLOB round trip' 2.326499999500811
Time for 'deserialize daemon response - HASH_GLOB' 0.01360000018030405
[NX v22.3.3 Daemon Server] - 2026-01-10T15:19:49.316Z - Serializing response for GLOB message in json mode
[NX v22.3.3 Daemon Server] - 2026-01-10T15:19:49.316Z - Responding to GLOB message
[NX v22.3.3 Daemon Server] - 2026-01-10T15:19:49.316Z - [REQUEST]: Responding to the client. handleGlob
Time for 'GLOB round trip' 2.8316999999806285
Time for 'deserialize daemon response - GLOB' 0.022300000302493572
Time for 'daemon-message-serialization-HASH_MULTI_GLOB' 0.010300000198185444
[NX v22.3.3 Daemon Server] - 2026-01-10T15:19:49.317Z - Received raw message of length 60
[NX v22.3.3 Daemon Server] - 2026-01-10T15:19:49.317Z - Received json message of type HASH_MULTI_GLOB
[NX v22.3.3 Daemon Server] - 2026-01-10T15:19:49.317Z - Serializing response for HASH_GLOB message in json mode
[NX v22.3.3 Daemon Server] - 2026-01-10T15:19:49.317Z - Responding to HASH_GLOB message
[NX v22.3.3 Daemon Server] - 2026-01-10T15:19:49.317Z - [REQUEST]: Responding to the client. handleHashMultiGlob
[NX v22.3.3 Daemon Server] - 2026-01-10T15:19:49.318Z - Received raw message of length 67
[NX v22.3.3 Daemon Server] - 2026-01-10T15:19:49.318Z - Received json message of type HASH_GLOB
Time for '@nx/jest/plugin:createNodes' 4.79590000025928
Time for 'HASH_MULTI_GLOB round trip' 3.1636999994516373
Time for 'deserialize daemon response - HASH_MULTI_GLOB' 0.0072999997064471245
[NX v22.3.3 Daemon Server] - 2026-01-10T15:19:49.318Z - Serializing response for HASH_GLOB message in json mode
[NX v22.3.3 Daemon Server] - 2026-01-10T15:19:49.318Z - Responding to HASH_GLOB message
[NX v22.3.3 Daemon Server] - 2026-01-10T15:19:49.318Z - [REQUEST]: Responding to the client. handleHashGlob
[NX v22.3.3 Daemon Server] - 2026-01-10T15:19:49.318Z - Done responding to the client handleHashGlob
[NX v22.3.3 Daemon Server] - 2026-01-10T15:19:49.318Z - Handled json message HASH_GLOB. Handling time: 1. Response time: 3.
[NX v22.3.3 Daemon Server] - 2026-01-10T15:19:49.318Z - Done responding to the client handleGlob
[NX v22.3.3 Daemon Server] - 2026-01-10T15:19:49.318Z - Handled json message GLOB. Handling time: 1. Response time: 2.
Time for '@nx/webpack/plugin:createNodes' 6.026399999856949
Time for 'HASH_GLOB round trip' 4.172300000675023
Time for 'deserialize daemon response - HASH_GLOB' 0.0071000000461936
[NX v22.3.3 Daemon Server] - 2026-01-10T15:19:49.319Z - Received raw message of length 586
[NX v22.3.3 Daemon Server] - 2026-01-10T15:19:49.319Z - Received json message of type HASH_MULTI_GLOB
[NX v22.3.3 Daemon Server] - 2026-01-10T15:19:49.320Z - Serializing response for HASH_GLOB message in json mode
[NX v22.3.3 Daemon Server] - 2026-01-10T15:19:49.320Z - Responding to HASH_GLOB message
[NX v22.3.3 Daemon Server] - 2026-01-10T15:19:49.320Z - [REQUEST]: Responding to the client. handleHashMultiGlob
[NX v22.3.3 Daemon Server] - 2026-01-10T15:19:49.320Z - Done responding to the client handleHashMultiGlob
[NX v22.3.3 Daemon Server] - 2026-01-10T15:19:49.320Z - Handled json message HASH_GLOB. Handling time: 0. Response time: 3.
[NX v22.3.3 Daemon Server] - 2026-01-10T15:19:49.320Z - Done responding to the client handleHashGlob
[NX v22.3.3 Daemon Server] - 2026-01-10T15:19:49.321Z - Handled json message HASH_GLOB. Handling time: 0. Response time: 3.
[NX v22.3.3 Daemon Server] - 2026-01-10T15:19:49.321Z - Done responding to the client handleHashMultiGlob
[NX v22.3.3 Daemon Server] - 2026-01-10T15:19:49.321Z - Handled json message HASH_GLOB. Handling time: 1. Response time: 1.
Time for 'HASH_MULTI_GLOB round trip' 4.1239000000059605
Time for 'deserialize daemon response - HASH_MULTI_GLOB' 0.007199999876320362
Time for 'nx/js/dependencies-and-lockfile:createNodes' 8.516100000590086
Time for '@nx/eslint/plugin:createNodes' 27.077100000344217
Unable to find local plugin [] Map(0) {}
[NX v22.3.3 Daemon Server] - 2026-01-10T15:19:49.346Z - Time taken for 'build-project-configs' 30.09539999999106ms
Time for 'build typescript dependencies' 2.8703000005334616
[NX v22.3.3 Daemon Server] - 2026-01-10T15:19:49.361Z - [SYNC]: collect registered sync generators
[NX v22.3.3 Daemon Server] - 2026-01-10T15:19:49.361Z - [SYNC]: project graph hash is the same, not collecting task sync generators
[NX v22.3.3 Daemon Server] - 2026-01-10T15:19:49.361Z - [SYNC]: nx.json hash is the same, not collecting global sync generators
[NX v22.3.3 Daemon Server] - 2026-01-10T15:19:49.361Z - Time taken for 'total execution time for createProjectGraph()' 16.716200000606477ms
[NX v22.3.3 Daemon Server] - 2026-01-10T15:20:47.807Z - [WATCHER]: Processing file changes in outputs
[NX v22.3.3 Daemon Server] - 2026-01-10T15:20:47.808Z - [WATCHER]: .idea/dataSources/fc894f9a-d6b4-48c4-a8e0-6261b69bc26b/storage_v2/_src_/database/postgres.edMnLQ/schema/sideboard.78_6kQ.meta was modified
[NX v22.3.3 Daemon Server] - 2026-01-10T15:20:47.809Z - [SYNC]: clearing sync generators cache due to file changes
[NX v22.3.3 Daemon Server] - 2026-01-10T15:20:48.012Z - [REQUEST]: Updated workspace context based on watched changes, recomputing project graph...
[NX v22.3.3 Daemon Server] - 2026-01-10T15:20:48.012Z - [REQUEST]: .idea/dataSources/fc894f9a-d6b4-48c4-a8e0-6261b69bc26b/storage_v2/_src_/database/postgres.edMnLQ/schema/sideboard.78_6kQ.meta
[NX v22.3.3 Daemon Server] - 2026-01-10T15:20:48.012Z - [REQUEST]: 
Time for 'daemon-message-serialization-HASH_GLOB' 0.008700000122189522
Time for 'daemon-message-serialization-GLOB' 0.010599999688565731
[NX v22.3.3 Daemon Server] - 2026-01-10T15:20:48.016Z - Received raw message of length 72
Time for 'nx/core/project-json:createNodes' 0.5292999995872378
[NX v22.3.3 Daemon Server] - 2026-01-10T15:20:48.016Z - Received json message of type HASH_GLOB
Time for 'daemon-message-serialization-HASH_MULTI_GLOB' 0.009100000374019146
Time for 'daemon-message-serialization-HASH_GLOB' 0.010400000028312206
[NX v22.3.3 Daemon Server] - 2026-01-10T15:20:48.016Z - Serializing response for HASH_GLOB message in json mode
[NX v22.3.3 Daemon Server] - 2026-01-10T15:20:48.016Z - Responding to HASH_GLOB message
[NX v22.3.3 Daemon Server] - 2026-01-10T15:20:48.016Z - [REQUEST]: Responding to the client. handleHashGlob
[NX v22.3.3 Daemon Server] - 2026-01-10T15:20:48.016Z - Time taken for 'hash changed files from watcher' 0.3771000001579523ms
Time for 'nx/core/package-json:createNodes' 1.2565999999642372
[NX v22.3.3 Daemon Server] - 2026-01-10T15:20:48.017Z - Received raw message of length 73
[NX v22.3.3 Daemon Server] - 2026-01-10T15:20:48.017Z - Received json message of type GLOB
Time for '@nx/playwright/plugin:createNodes' 3.1222999999299645
Time for 'HASH_GLOB round trip' 1.9096000008285046
Time for 'deserialize daemon response - HASH_GLOB' 0.00800000037997961
[NX v22.3.3 Daemon Server] - 2026-01-10T15:20:48.017Z - Serializing response for GLOB message in json mode
[NX v22.3.3 Daemon Server] - 2026-01-10T15:20:48.017Z - Responding to GLOB message
[NX v22.3.3 Daemon Server] - 2026-01-10T15:20:48.017Z - [REQUEST]: Responding to the client. handleGlob
Time for 'GLOB round trip' 2.2003000006079674
Time for 'deserialize daemon response - GLOB' 0.00950000062584877
Time for 'daemon-message-serialization-HASH_MULTI_GLOB' 0.02599999960511923
[NX v22.3.3 Daemon Server] - 2026-01-10T15:20:48.018Z - Received raw message of length 60
[NX v22.3.3 Daemon Server] - 2026-01-10T15:20:48.018Z - Received json message of type HASH_MULTI_GLOB
[NX v22.3.3 Daemon Server] - 2026-01-10T15:20:48.018Z - Serializing response for HASH_GLOB message in json mode
[NX v22.3.3 Daemon Server] - 2026-01-10T15:20:48.018Z - Responding to HASH_GLOB message
[NX v22.3.3 Daemon Server] - 2026-01-10T15:20:48.018Z - [REQUEST]: Responding to the client. handleHashMultiGlob
Time for '@nx/jest/plugin:createNodes' 4.193199999630451
[NX v22.3.3 Daemon Server] - 2026-01-10T15:20:48.019Z - Received raw message of length 67
Time for 'HASH_MULTI_GLOB round trip' 2.683200000785291
[NX v22.3.3 Daemon Server] - 2026-01-10T15:20:48.019Z - Received json message of type HASH_GLOB
Time for 'deserialize daemon response - HASH_MULTI_GLOB' 0.007600000128149986
[NX v22.3.3 Daemon Server] - 2026-01-10T15:20:48.019Z - Serializing response for HASH_GLOB message in json mode
[NX v22.3.3 Daemon Server] - 2026-01-10T15:20:48.019Z - Responding to HASH_GLOB message
[NX v22.3.3 Daemon Server] - 2026-01-10T15:20:48.019Z - [REQUEST]: Responding to the client. handleHashGlob
[NX v22.3.3 Daemon Server] - 2026-01-10T15:20:48.019Z - Done responding to the client handleHashGlob
[NX v22.3.3 Daemon Server] - 2026-01-10T15:20:48.019Z - Handled json message HASH_GLOB. Handling time: 0. Response time: 3.
[NX v22.3.3 Daemon Server] - 2026-01-10T15:20:48.019Z - Done responding to the client handleGlob
[NX v22.3.3 Daemon Server] - 2026-01-10T15:20:48.019Z - Handled json message GLOB. Handling time: 0. Response time: 2.
[NX v22.3.3 Daemon Server] - 2026-01-10T15:20:48.020Z - Received raw message of length 586
[NX v22.3.3 Daemon Server] - 2026-01-10T15:20:48.020Z - Received json message of type HASH_MULTI_GLOB
Time for '@nx/webpack/plugin:createNodes' 5.429299999959767
Time for 'HASH_GLOB round trip' 3.680100000463426
Time for 'deserialize daemon response - HASH_GLOB' 0.00800000037997961
[NX v22.3.3 Daemon Server] - 2026-01-10T15:20:48.021Z - Serializing response for HASH_GLOB message in json mode
[NX v22.3.3 Daemon Server] - 2026-01-10T15:20:48.021Z - Responding to HASH_GLOB message
[NX v22.3.3 Daemon Server] - 2026-01-10T15:20:48.021Z - [REQUEST]: Responding to the client. handleHashMultiGlob
[NX v22.3.3 Daemon Server] - 2026-01-10T15:20:48.021Z - Done responding to the client handleHashMultiGlob
[NX v22.3.3 Daemon Server] - 2026-01-10T15:20:48.021Z - Handled json message HASH_GLOB. Handling time: 0. Response time: 3.
[NX v22.3.3 Daemon Server] - 2026-01-10T15:20:48.021Z - Done responding to the client handleHashGlob
[NX v22.3.3 Daemon Server] - 2026-01-10T15:20:48.021Z - Handled json message HASH_GLOB. Handling time: 0. Response time: 2.
[NX v22.3.3 Daemon Server] - 2026-01-10T15:20:48.021Z - Done responding to the client handleHashMultiGlob
[NX v22.3.3 Daemon Server] - 2026-01-10T15:20:48.021Z - Handled json message HASH_GLOB. Handling time: 1. Response time: 0.
Time for 'HASH_MULTI_GLOB round trip' 3.7654999997466803
Time for 'deserialize daemon response - HASH_MULTI_GLOB' 0.005900000222027302
Time for 'nx/js/dependencies-and-lockfile:createNodes' 7.6875
Time for '@nx/eslint/plugin:createNodes' 24.49959999974817
Unable to find local plugin [] Map(0) {}
[NX v22.3.3 Daemon Server] - 2026-01-10T15:20:48.046Z - Time taken for 'build-project-configs' 27.466700000688434ms
Time for 'build typescript dependencies' 2.1768999993801117
[NX v22.3.3 Daemon Server] - 2026-01-10T15:20:48.060Z - [SYNC]: collect registered sync generators
[NX v22.3.3 Daemon Server] - 2026-01-10T15:20:48.061Z - [SYNC]: project graph hash is the same, not collecting task sync generators
[NX v22.3.3 Daemon Server] - 2026-01-10T15:20:48.061Z - [SYNC]: nx.json hash is the same, not collecting global sync generators
[NX v22.3.3 Daemon Server] - 2026-01-10T15:20:48.061Z - Time taken for 'total execution time for createProjectGraph()' 16.737900000065565ms
[NX v22.3.3 Daemon Server] - 2026-01-10T15:21:17.835Z - [WATCHER]: 0 file(s) created or restored, 0 file(s) modified, 2 file(s) deleted
[NX v22.3.3 Daemon Server] - 2026-01-10T15:21:17.835Z - [SYNC]: clearing sync generators cache due to file changes
[NX v22.3.3 Daemon Server] - 2026-01-10T15:21:17.836Z - [WATCHER]: Processing file changes in outputs
[NX v22.3.3 Daemon Server] - 2026-01-10T15:21:18.238Z - [REQUEST]: Updated workspace context based on watched changes, recomputing project graph...
[NX v22.3.3 Daemon Server] - 2026-01-10T15:21:18.238Z - [REQUEST]: 
[NX v22.3.3 Daemon Server] - 2026-01-10T15:21:18.238Z - [REQUEST]: .idea/dataSources/fc894f9a-d6b4-48c4-a8e0-6261b69bc26b.xml,.idea/dataSources/fc894f9a-d6b4-48c4-a8e0-6261b69bc26b.xml.tmp
Time for 'daemon-message-serialization-HASH_GLOB' 0.008999999612569809
Time for 'daemon-message-serialization-GLOB' 0.008899999782443047
Time for 'nx/core/project-json:createNodes' 0.6239000000059605
[NX v22.3.3 Daemon Server] - 2026-01-10T15:21:18.242Z - Received raw message of length 72
[NX v22.3.3 Daemon Server] - 2026-01-10T15:21:18.242Z - Received json message of type HASH_GLOB
Time for 'daemon-message-serialization-HASH_MULTI_GLOB' 0.010999999940395355
Time for 'daemon-message-serialization-HASH_GLOB' 0.014500000514090061
[NX v22.3.3 Daemon Server] - 2026-01-10T15:21:18.243Z - Serializing response for HASH_GLOB message in json mode
[NX v22.3.3 Daemon Server] - 2026-01-10T15:21:18.243Z - Responding to HASH_GLOB message
[NX v22.3.3 Daemon Server] - 2026-01-10T15:21:18.243Z - [REQUEST]: Responding to the client. handleHashGlob
[NX v22.3.3 Daemon Server] - 2026-01-10T15:21:18.243Z - Time taken for 'hash changed files from watcher' 0.3493999997153878ms
Time for 'nx/core/package-json:createNodes' 1.3234999999403954
Time for '@nx/playwright/plugin:createNodes' 3.2905000001192093
Time for 'HASH_GLOB round trip' 1.9850000003352761
[NX v22.3.3 Daemon Server] - 2026-01-10T15:21:18.244Z - Received raw message of length 73
Time for 'deserialize daemon response - HASH_GLOB' 0.007200000807642937
[NX v22.3.3 Daemon Server] - 2026-01-10T15:21:18.244Z - Received json message of type GLOB
[NX v22.3.3 Daemon Server] - 2026-01-10T15:21:18.244Z - Serializing response for GLOB message in json mode
[NX v22.3.3 Daemon Server] - 2026-01-10T15:21:18.244Z - Responding to GLOB message
[NX v22.3.3 Daemon Server] - 2026-01-10T15:21:18.244Z - [REQUEST]: Responding to the client. handleGlob
Time for 'GLOB round trip' 2.6673999996855855
Time for 'deserialize daemon response - GLOB' 0.010300000198185444
Time for 'daemon-message-serialization-HASH_MULTI_GLOB' 0.009999999776482582
[NX v22.3.3 Daemon Server] - 2026-01-10T15:21:18.245Z - Received raw message of length 60
[NX v22.3.3 Daemon Server] - 2026-01-10T15:21:18.245Z - Received json message of type HASH_MULTI_GLOB
[NX v22.3.3 Daemon Server] - 2026-01-10T15:21:18.245Z - Serializing response for HASH_GLOB message in json mode
[NX v22.3.3 Daemon Server] - 2026-01-10T15:21:18.245Z - Responding to HASH_GLOB message
[NX v22.3.3 Daemon Server] - 2026-01-10T15:21:18.245Z - [REQUEST]: Responding to the client. handleHashMultiGlob
[NX v22.3.3 Daemon Server] - 2026-01-10T15:21:18.246Z - Received raw message of length 67
Time for '@nx/jest/plugin:createNodes' 4.597900000400841
[NX v22.3.3 Daemon Server] - 2026-01-10T15:21:18.246Z - Received json message of type HASH_GLOB
Time for 'HASH_MULTI_GLOB round trip' 2.889600000344217
Time for 'deserialize daemon response - HASH_MULTI_GLOB' 0.008200000040233135
[NX v22.3.3 Daemon Server] - 2026-01-10T15:21:18.246Z - Serializing response for HASH_GLOB message in json mode
[NX v22.3.3 Daemon Server] - 2026-01-10T15:21:18.246Z - Responding to HASH_GLOB message
[NX v22.3.3 Daemon Server] - 2026-01-10T15:21:18.246Z - [REQUEST]: Responding to the client. handleHashGlob
[NX v22.3.3 Daemon Server] - 2026-01-10T15:21:18.246Z - Done responding to the client handleHashGlob
[NX v22.3.3 Daemon Server] - 2026-01-10T15:21:18.246Z - Handled json message HASH_GLOB. Handling time: 1. Response time: 3.
[NX v22.3.3 Daemon Server] - 2026-01-10T15:21:18.246Z - Done responding to the client handleGlob
[NX v22.3.3 Daemon Server] - 2026-01-10T15:21:18.247Z - Handled json message GLOB. Handling time: 0. Response time: 3.
[NX v22.3.3 Daemon Server] - 2026-01-10T15:21:18.247Z - Received raw message of length 586
Time for '@nx/webpack/plugin:createNodes' 5.89670000039041
[NX v22.3.3 Daemon Server] - 2026-01-10T15:21:18.247Z - Received json message of type HASH_MULTI_GLOB
Time for 'HASH_GLOB round trip' 3.8941999999806285
Time for 'deserialize daemon response - HASH_GLOB' 0.0071000000461936
[NX v22.3.3 Daemon Server] - 2026-01-10T15:21:18.248Z - Serializing response for HASH_GLOB message in json mode
[NX v22.3.3 Daemon Server] - 2026-01-10T15:21:18.248Z - Responding to HASH_GLOB message
[NX v22.3.3 Daemon Server] - 2026-01-10T15:21:18.248Z - [REQUEST]: Responding to the client. handleHashMultiGlob
[NX v22.3.3 Daemon Server] - 2026-01-10T15:21:18.248Z - Done responding to the client handleHashMultiGlob
[NX v22.3.3 Daemon Server] - 2026-01-10T15:21:18.248Z - Handled json message HASH_GLOB. Handling time: 0. Response time: 3.
[NX v22.3.3 Daemon Server] - 2026-01-10T15:21:18.248Z - Done responding to the client handleHashGlob
[NX v22.3.3 Daemon Server] - 2026-01-10T15:21:18.248Z - Handled json message HASH_GLOB. Handling time: 0. Response time: 2.
[NX v22.3.3 Daemon Server] - 2026-01-10T15:21:18.248Z - Done responding to the client handleHashMultiGlob
[NX v22.3.3 Daemon Server] - 2026-01-10T15:21:18.248Z - Handled json message HASH_GLOB. Handling time: 1. Response time: 0.
Time for '@nx/eslint/plugin:createNodes' 8.310200000181794
Time for 'HASH_MULTI_GLOB round trip' 3.7092000003904104
Time for 'deserialize daemon response - HASH_MULTI_GLOB' 0.00559999980032444
Time for 'nx/js/dependencies-and-lockfile:createNodes' 6.84320000000298
Unable to find local plugin [] Map(0) {}
[NX v22.3.3 Daemon Server] - 2026-01-10T15:21:18.258Z - Time taken for 'build-project-configs' 13.05739999935031ms
Time for 'build typescript dependencies' 0.011200000531971455
[NX v22.3.3 Daemon Server] - 2026-01-10T15:21:18.270Z - [SYNC]: collect registered sync generators
[NX v22.3.3 Daemon Server] - 2026-01-10T15:21:18.270Z - [SYNC]: project graph hash is the same, not collecting task sync generators
[NX v22.3.3 Daemon Server] - 2026-01-10T15:21:18.270Z - [SYNC]: nx.json hash is the same, not collecting global sync generators
[NX v22.3.3 Daemon Server] - 2026-01-10T15:21:18.270Z - Time taken for 'total execution time for createProjectGraph()' 14.156200000084937ms
[NX v22.3.3 Daemon Server] - 2026-01-10T15:36:47.772Z - [WATCHER]: 0 file(s) created or restored, 2 file(s) modified, 0 file(s) deleted
[NX v22.3.3 Daemon Server] - 2026-01-10T15:36:47.772Z - [SYNC]: clearing sync generators cache due to file changes
[NX v22.3.3 Daemon Server] - 2026-01-10T15:36:47.772Z - [WATCHER]: Processing file changes in outputs
[NX v22.3.3 Daemon Server] - 2026-01-10T15:36:48.577Z - [REQUEST]: Updated workspace context based on watched changes, recomputing project graph...
[NX v22.3.3 Daemon Server] - 2026-01-10T15:36:48.577Z - [REQUEST]: .idea/workspace.xml,.idea/dataSources.local.xml
[NX v22.3.3 Daemon Server] - 2026-01-10T15:36:48.577Z - [REQUEST]: 
Time for 'daemon-message-serialization-HASH_GLOB' 0.011600000783801079
Time for 'daemon-message-serialization-GLOB' 0.011700000613927841
[NX v22.3.3 Daemon Server] - 2026-01-10T15:36:48.581Z - Received raw message of length 72
[NX v22.3.3 Daemon Server] - 2026-01-10T15:36:48.582Z - Received json message of type HASH_GLOB
Time for 'daemon-message-serialization-HASH_MULTI_GLOB' 0.009499999694526196
Time for 'nx/core/project-json:createNodes' 0.5745000001043081
Time for 'daemon-message-serialization-HASH_GLOB' 0.012000000104308128
[NX v22.3.3 Daemon Server] - 2026-01-10T15:36:48.582Z - Serializing response for HASH_GLOB message in json mode
[NX v22.3.3 Daemon Server] - 2026-01-10T15:36:48.582Z - Responding to HASH_GLOB message
[NX v22.3.3 Daemon Server] - 2026-01-10T15:36:48.582Z - [REQUEST]: Responding to the client. handleHashGlob
Time for 'nx/core/package-json:createNodes' 1.2755999993532896
[NX v22.3.3 Daemon Server] - 2026-01-10T15:36:48.583Z - Received raw message of length 73
[NX v22.3.3 Daemon Server] - 2026-01-10T15:36:48.583Z - Received json message of type GLOB
Time for '@nx/playwright/plugin:createNodes' 4.206399999558926
Time for 'HASH_GLOB round trip' 2.380300000309944
Time for 'deserialize daemon response - HASH_GLOB' 0.008799999952316284
[NX v22.3.3 Daemon Server] - 2026-01-10T15:36:48.583Z - Serializing response for GLOB message in json mode
[NX v22.3.3 Daemon Server] - 2026-01-10T15:36:48.583Z - Responding to GLOB message
[NX v22.3.3 Daemon Server] - 2026-01-10T15:36:48.583Z - [REQUEST]: Responding to the client. handleGlob
[NX v22.3.3 Daemon Server] - 2026-01-10T15:36:48.583Z - Time taken for 'hash changed files from watcher' 0.5625ms
Time for 'GLOB round trip' 2.778500000014901
Time for 'deserialize daemon response - GLOB' 0.013299999758601189
Time for 'daemon-message-serialization-HASH_MULTI_GLOB' 0.01860000006854534
[NX v22.3.3 Daemon Server] - 2026-01-10T15:36:48.584Z - Received raw message of length 60
[NX v22.3.3 Daemon Server] - 2026-01-10T15:36:48.584Z - Received json message of type HASH_MULTI_GLOB
[NX v22.3.3 Daemon Server] - 2026-01-10T15:36:48.584Z - Serializing response for HASH_GLOB message in json mode
[NX v22.3.3 Daemon Server] - 2026-01-10T15:36:48.584Z - Responding to HASH_GLOB message
[NX v22.3.3 Daemon Server] - 2026-01-10T15:36:48.584Z - [REQUEST]: Responding to the client. handleHashMultiGlob
[NX v22.3.3 Daemon Server] - 2026-01-10T15:36:48.585Z - Received raw message of length 67
[NX v22.3.3 Daemon Server] - 2026-01-10T15:36:48.585Z - Received json message of type HASH_GLOB
Time for '@nx/jest/plugin:createNodes' 4.550499999895692
Time for 'HASH_MULTI_GLOB round trip' 2.7941000005230308
Time for 'deserialize daemon response - HASH_MULTI_GLOB' 0.007500000298023224
[NX v22.3.3 Daemon Server] - 2026-01-10T15:36:48.585Z - Serializing response for HASH_GLOB message in json mode
[NX v22.3.3 Daemon Server] - 2026-01-10T15:36:48.585Z - Responding to HASH_GLOB message
[NX v22.3.3 Daemon Server] - 2026-01-10T15:36:48.585Z - [REQUEST]: Responding to the client. handleHashGlob
[NX v22.3.3 Daemon Server] - 2026-01-10T15:36:48.585Z - Done responding to the client handleHashGlob
[NX v22.3.3 Daemon Server] - 2026-01-10T15:36:48.585Z - Handled json message HASH_GLOB. Handling time: 0. Response time: 3.
[NX v22.3.3 Daemon Server] - 2026-01-10T15:36:48.586Z - Done responding to the client handleGlob
[NX v22.3.3 Daemon Server] - 2026-01-10T15:36:48.586Z - Handled json message GLOB. Handling time: 0. Response time: 3.
[NX v22.3.3 Daemon Server] - 2026-01-10T15:36:48.586Z - Received raw message of length 586
[NX v22.3.3 Daemon Server] - 2026-01-10T15:36:48.586Z - Received json message of type HASH_MULTI_GLOB
Time for '@nx/webpack/plugin:createNodes' 6.143199999816716
Time for 'HASH_GLOB round trip' 3.7758999997749925
Time for 'deserialize daemon response - HASH_GLOB' 0.0071000000461936
[NX v22.3.3 Daemon Server] - 2026-01-10T15:36:48.588Z - Serializing response for HASH_GLOB message in json mode
[NX v22.3.3 Daemon Server] - 2026-01-10T15:36:48.588Z - Responding to HASH_GLOB message
[NX v22.3.3 Daemon Server] - 2026-01-10T15:36:48.588Z - [REQUEST]: Responding to the client. handleHashMultiGlob
[NX v22.3.3 Daemon Server] - 2026-01-10T15:36:48.588Z - Done responding to the client handleHashMultiGlob
[NX v22.3.3 Daemon Server] - 2026-01-10T15:36:48.588Z - Handled json message HASH_GLOB. Handling time: 0. Response time: 4.
[NX v22.3.3 Daemon Server] - 2026-01-10T15:36:48.588Z - Done responding to the client handleHashGlob
[NX v22.3.3 Daemon Server] - 2026-01-10T15:36:48.588Z - Handled json message HASH_GLOB. Handling time: 0. Response time: 3.
[NX v22.3.3 Daemon Server] - 2026-01-10T15:36:48.588Z - Done responding to the client handleHashMultiGlob
[NX v22.3.3 Daemon Server] - 2026-01-10T15:36:48.588Z - Handled json message HASH_GLOB. Handling time: 2. Response time: 0.
Time for 'HASH_MULTI_GLOB round trip' 4.038399999961257
Time for 'deserialize daemon response - HASH_MULTI_GLOB' 0.006599999964237213
Time for 'nx/js/dependencies-and-lockfile:createNodes' 9.23090000078082
Time for '@nx/eslint/plugin:createNodes' 30.625500000081956
Unable to find local plugin [] Map(0) {}
[NX v22.3.3 Daemon Server] - 2026-01-10T15:36:48.618Z - Time taken for 'build-project-configs' 34.1855999995023ms
Time for 'build typescript dependencies' 2.7914999993517995
[NX v22.3.3 Daemon Server] - 2026-01-10T15:36:48.633Z - [SYNC]: collect registered sync generators
[NX v22.3.3 Daemon Server] - 2026-01-10T15:36:48.633Z - [SYNC]: project graph hash is the same, not collecting task sync generators
[NX v22.3.3 Daemon Server] - 2026-01-10T15:36:48.634Z - [SYNC]: nx.json hash is the same, not collecting global sync generators
[NX v22.3.3 Daemon Server] - 2026-01-10T15:36:48.634Z - Time taken for 'total execution time for createProjectGraph()' 18.2652000002563ms
[NX v22.3.3 Daemon Server] - 2026-01-10T15:45:31.732Z - [WATCHER]: 0 file(s) created or restored, 5 file(s) modified, 0 file(s) deleted
[NX v22.3.3 Daemon Server] - 2026-01-10T15:45:31.732Z - [SYNC]: clearing sync generators cache due to file changes
[NX v22.3.3 Daemon Server] - 2026-01-10T15:45:31.732Z - [WATCHER]: Processing file changes in outputs
[NX v22.3.3 Daemon Server] - 2026-01-10T15:45:33.340Z - [REQUEST]: Updated workspace context based on watched changes, recomputing project graph...
[NX v22.3.3 Daemon Server] - 2026-01-10T15:45:33.341Z - [REQUEST]: backend/src/app/services/photo.service.ts,backend/src/app/database/entities/photo.entity.ts,backend/src/app/controller/photo.controller.ts,backend/src/app/modules/photo.module.ts,backend/src/app/app.module.ts
[NX v22.3.3 Daemon Server] - 2026-01-10T15:45:33.341Z - [REQUEST]: 
Time for 'daemon-message-serialization-HASH_GLOB' 0.01140000019222498
Time for 'daemon-message-serialization-GLOB' 0.009900000877678394
[NX v22.3.3 Daemon Server] - 2026-01-10T15:45:33.345Z - Received raw message of length 72
[NX v22.3.3 Daemon Server] - 2026-01-10T15:45:33.345Z - Received json message of type HASH_GLOB
Time for 'nx/core/project-json:createNodes' 0.47149999998509884
Time for 'daemon-message-serialization-HASH_MULTI_GLOB' 0.00839999970048666
[NX v22.3.3 Daemon Server] - 2026-01-10T15:45:33.345Z - Serializing response for HASH_GLOB message in json mode
[NX v22.3.3 Daemon Server] - 2026-01-10T15:45:33.345Z - Responding to HASH_GLOB message
[NX v22.3.3 Daemon Server] - 2026-01-10T15:45:33.345Z - [REQUEST]: Responding to the client. handleHashGlob
Time for 'nx/core/package-json:createNodes' 1.0498999999836087
[NX v22.3.3 Daemon Server] - 2026-01-10T15:45:33.346Z - Time taken for 'hash changed files from watcher' 0.7443000003695488ms
Time for 'daemon-message-serialization-HASH_GLOB' 0.01209999993443489
[NX v22.3.3 Daemon Server] - 2026-01-10T15:45:33.346Z - Received raw message of length 73
[NX v22.3.3 Daemon Server] - 2026-01-10T15:45:33.346Z - Received json message of type GLOB
Time for '@nx/playwright/plugin:createNodes' 3.314699999988079
Time for 'HASH_GLOB round trip' 1.8142999997362494
Time for 'deserialize daemon response - HASH_GLOB' 0.008299999870359898
[NX v22.3.3 Daemon Server] - 2026-01-10T15:45:33.347Z - Serializing response for GLOB message in json mode
[NX v22.3.3 Daemon Server] - 2026-01-10T15:45:33.347Z - Responding to GLOB message
[NX v22.3.3 Daemon Server] - 2026-01-10T15:45:33.347Z - [REQUEST]: Responding to the client. handleGlob
Time for 'GLOB round trip' 2.052000000141561
Time for 'deserialize daemon response - GLOB' 0.01140000019222498
Time for 'daemon-message-serialization-HASH_MULTI_GLOB' 0.009999999776482582
[NX v22.3.3 Daemon Server] - 2026-01-10T15:45:33.347Z - Received raw message of length 60
[NX v22.3.3 Daemon Server] - 2026-01-10T15:45:33.347Z - Received json message of type HASH_MULTI_GLOB
[NX v22.3.3 Daemon Server] - 2026-01-10T15:45:33.348Z - Serializing response for HASH_GLOB message in json mode
[NX v22.3.3 Daemon Server] - 2026-01-10T15:45:33.348Z - Responding to HASH_GLOB message
[NX v22.3.3 Daemon Server] - 2026-01-10T15:45:33.348Z - [REQUEST]: Responding to the client. handleHashMultiGlob
[NX v22.3.3 Daemon Server] - 2026-01-10T15:45:33.348Z - Done responding to the client handleHashGlob
[NX v22.3.3 Daemon Server] - 2026-01-10T15:45:33.348Z - Handled json message HASH_GLOB. Handling time: 0. Response time: 3.
[NX v22.3.3 Daemon Server] - 2026-01-10T15:45:33.348Z - Received raw message of length 67
[NX v22.3.3 Daemon Server] - 2026-01-10T15:45:33.348Z - Received json message of type HASH_GLOB
[NX v22.3.3 Daemon Server] - 2026-01-10T15:45:33.349Z - Serializing response for HASH_GLOB message in json mode
[NX v22.3.3 Daemon Server] - 2026-01-10T15:45:33.349Z - Responding to HASH_GLOB message
[NX v22.3.3 Daemon Server] - 2026-01-10T15:45:33.349Z - [REQUEST]: Responding to the client. handleHashGlob
[NX v22.3.3 Daemon Server] - 2026-01-10T15:45:33.349Z - Done responding to the client handleGlob
[NX v22.3.3 Daemon Server] - 2026-01-10T15:45:33.349Z - Handled json message GLOB. Handling time: 1. Response time: 2.
[NX v22.3.3 Daemon Server] - 2026-01-10T15:45:33.349Z - Received raw message of length 586
[NX v22.3.3 Daemon Server] - 2026-01-10T15:45:33.349Z - Received json message of type HASH_MULTI_GLOB
Time for '@nx/webpack/plugin:createNodes' 6.141400000080466
Time for 'HASH_GLOB round trip' 3.1214999994263053
Time for 'deserialize daemon response - HASH_GLOB' 0.007099999114871025
[NX v22.3.3 Daemon Server] - 2026-01-10T15:45:33.351Z - Serializing response for HASH_GLOB message in json mode
[NX v22.3.3 Daemon Server] - 2026-01-10T15:45:33.351Z - Responding to HASH_GLOB message
[NX v22.3.3 Daemon Server] - 2026-01-10T15:45:33.351Z - [REQUEST]: Responding to the client. handleHashMultiGlob
[NX v22.3.3 Daemon Server] - 2026-01-10T15:45:33.351Z - Done responding to the client handleHashMultiGlob
[NX v22.3.3 Daemon Server] - 2026-01-10T15:45:33.351Z - Handled json message HASH_GLOB. Handling time: 1. Response time: 3.
[NX v22.3.3 Daemon Server] - 2026-01-10T15:45:33.351Z - Done responding to the client handleHashGlob
[NX v22.3.3 Daemon Server] - 2026-01-10T15:45:33.351Z - Handled json message HASH_GLOB. Handling time: 1. Response time: 2.
[NX v22.3.3 Daemon Server] - 2026-01-10T15:45:33.351Z - Done responding to the client handleHashMultiGlob
[NX v22.3.3 Daemon Server] - 2026-01-10T15:45:33.351Z - Handled json message HASH_GLOB. Handling time: 2. Response time: 0.
Time for 'HASH_MULTI_GLOB round trip' 3.9024000000208616
Time for 'deserialize daemon response - HASH_MULTI_GLOB' 0.006000000052154064
Time for 'nx/js/dependencies-and-lockfile:createNodes' 7.465099999681115
Time for '@nx/jest/plugin:createNodes' 9.769199999980628
Time for 'HASH_MULTI_GLOB round trip' 2.5265999995172024
Time for 'deserialize daemon response - HASH_MULTI_GLOB' 0.0072999997064471245
Time for '@nx/eslint/plugin:createNodes' 26.2461000001058
Unable to find local plugin [] Map(0) {}
[NX v22.3.3 Daemon Server] - 2026-01-10T15:45:33.378Z - Time taken for 'build-project-configs' 29.90830000024289ms
Time for 'build typescript dependencies' 4.904299999587238
[NX v22.3.3 Daemon Server] - 2026-01-10T15:45:33.395Z - [SYNC]: collect registered sync generators
[NX v22.3.3 Daemon Server] - 2026-01-10T15:45:33.395Z - [SYNC]: project graph hash is the same, not collecting task sync generators
[NX v22.3.3 Daemon Server] - 2026-01-10T15:45:33.395Z - [SYNC]: nx.json hash is the same, not collecting global sync generators
[NX v22.3.3 Daemon Server] - 2026-01-10T15:45:33.395Z - Time taken for 'total execution time for createProjectGraph()' 19.727300000377ms
[NX v22.3.3 Daemon Server] - 2026-01-10T15:45:54.396Z - [WATCHER]: Processing file changes in outputs
[NX v22.3.3 Daemon Server] - 2026-01-10T15:45:54.397Z - [WATCHER]: 1 file(s) created or restored, 0 file(s) modified, 1 file(s) deleted
[NX v22.3.3 Daemon Server] - 2026-01-10T15:45:54.397Z - [SYNC]: clearing sync generators cache due to file changes
[NX v22.3.3 Daemon Server] - 2026-01-10T15:45:54.507Z - [REQUEST]: Updated workspace context based on watched changes, recomputing project graph...
[NX v22.3.3 Daemon Server] - 2026-01-10T15:45:54.507Z - [REQUEST]: backend/src/app/database/entities/card.entity.ts
[NX v22.3.3 Daemon Server] - 2026-01-10T15:45:54.507Z - [REQUEST]: backend/src/app/database/entities/photo.entity.ts
Time for 'daemon-message-serialization-HASH_GLOB' 0.008900000713765621
Time for 'daemon-message-serialization-GLOB' 0.009000000543892384
[NX v22.3.3 Daemon Server] - 2026-01-10T15:45:54.511Z - Received raw message of length 72
[NX v22.3.3 Daemon Server] - 2026-01-10T15:45:54.511Z - Received json message of type HASH_GLOB
Time for 'nx/core/project-json:createNodes' 0.5693000005558133
Time for 'daemon-message-serialization-HASH_GLOB' 0.009499999694526196
Time for 'daemon-message-serialization-HASH_MULTI_GLOB' 0.007799999788403511
Time for 'nx/core/package-json:createNodes' 0.9446999998763204
[NX v22.3.3 Daemon Server] - 2026-01-10T15:45:54.511Z - Serializing response for HASH_GLOB message in json mode
[NX v22.3.3 Daemon Server] - 2026-01-10T15:45:54.511Z - Responding to HASH_GLOB message
[NX v22.3.3 Daemon Server] - 2026-01-10T15:45:54.511Z - [REQUEST]: Responding to the client. handleHashGlob
[NX v22.3.3 Daemon Server] - 2026-01-10T15:45:54.512Z - Received raw message of length 73
[NX v22.3.3 Daemon Server] - 2026-01-10T15:45:54.512Z - Received json message of type GLOB
Time for '@nx/playwright/plugin:createNodes' 3.4196999995037913
Time for 'HASH_GLOB round trip' 2.0975000001490116
Time for 'deserialize daemon response - HASH_GLOB' 0.006900000385940075
[NX v22.3.3 Daemon Server] - 2026-01-10T15:45:54.513Z - Serializing response for GLOB message in json mode
[NX v22.3.3 Daemon Server] - 2026-01-10T15:45:54.513Z - Responding to GLOB message
[NX v22.3.3 Daemon Server] - 2026-01-10T15:45:54.513Z - [REQUEST]: Responding to the client. handleGlob
[NX v22.3.3 Daemon Server] - 2026-01-10T15:45:54.513Z - Time taken for 'hash changed files from watcher' 0.5536999991163611ms
Time for 'GLOB round trip' 2.52210000064224
Time for 'deserialize daemon response - GLOB' 0.011500000022351742
Time for 'daemon-message-serialization-HASH_MULTI_GLOB' 0.010699999518692493
[NX v22.3.3 Daemon Server] - 2026-01-10T15:45:54.513Z - Received raw message of length 67
[NX v22.3.3 Daemon Server] - 2026-01-10T15:45:54.513Z - Received json message of type HASH_GLOB
[NX v22.3.3 Daemon Server] - 2026-01-10T15:45:54.514Z - Serializing response for HASH_GLOB message in json mode
[NX v22.3.3 Daemon Server] - 2026-01-10T15:45:54.514Z - Responding to HASH_GLOB message
[NX v22.3.3 Daemon Server] - 2026-01-10T15:45:54.514Z - [REQUEST]: Responding to the client. handleHashGlob
[NX v22.3.3 Daemon Server] - 2026-01-10T15:45:54.514Z - Received raw message of length 60
[NX v22.3.3 Daemon Server] - 2026-01-10T15:45:54.514Z - Received json message of type HASH_MULTI_GLOB
[NX v22.3.3 Daemon Server] - 2026-01-10T15:45:54.515Z - Serializing response for HASH_GLOB message in json mode
[NX v22.3.3 Daemon Server] - 2026-01-10T15:45:54.515Z - Responding to HASH_GLOB message
[NX v22.3.3 Daemon Server] - 2026-01-10T15:45:54.515Z - [REQUEST]: Responding to the client. handleHashMultiGlob
[NX v22.3.3 Daemon Server] - 2026-01-10T15:45:54.515Z - Done responding to the client handleHashGlob
[NX v22.3.3 Daemon Server] - 2026-01-10T15:45:54.515Z - Handled json message HASH_GLOB. Handling time: 0. Response time: 4.
[NX v22.3.3 Daemon Server] - 2026-01-10T15:45:54.515Z - Done responding to the client handleGlob
[NX v22.3.3 Daemon Server] - 2026-01-10T15:45:54.515Z - Handled json message GLOB. Handling time: 1. Response time: 2.
Time for '@nx/webpack/plugin:createNodes' 5.950799999758601
Time for 'HASH_GLOB round trip' 2.7359999995678663
Time for 'deserialize daemon response - HASH_GLOB' 0.00860000029206276
[NX v22.3.3 Daemon Server] - 2026-01-10T15:45:54.517Z - Received raw message of length 586
[NX v22.3.3 Daemon Server] - 2026-01-10T15:45:54.517Z - Received json message of type HASH_MULTI_GLOB
[NX v22.3.3 Daemon Server] - 2026-01-10T15:45:54.519Z - Serializing response for HASH_GLOB message in json mode
[NX v22.3.3 Daemon Server] - 2026-01-10T15:45:54.519Z - Responding to HASH_GLOB message
[NX v22.3.3 Daemon Server] - 2026-01-10T15:45:54.519Z - [REQUEST]: Responding to the client. handleHashMultiGlob
[NX v22.3.3 Daemon Server] - 2026-01-10T15:45:54.519Z - Done responding to the client handleHashGlob
[NX v22.3.3 Daemon Server] - 2026-01-10T15:45:54.519Z - Handled json message HASH_GLOB. Handling time: 1. Response time: 5.
[NX v22.3.3 Daemon Server] - 2026-01-10T15:45:54.519Z - Done responding to the client handleHashMultiGlob
[NX v22.3.3 Daemon Server] - 2026-01-10T15:45:54.519Z - Handled json message HASH_GLOB. Handling time: 1. Response time: 4.
[NX v22.3.3 Daemon Server] - 2026-01-10T15:45:54.519Z - Done responding to the client handleHashMultiGlob
[NX v22.3.3 Daemon Server] - 2026-01-10T15:45:54.519Z - Handled json message HASH_GLOB. Handling time: 2. Response time: 0.
Time for 'HASH_MULTI_GLOB round trip' 5.657100000418723
Time for 'deserialize daemon response - HASH_MULTI_GLOB' 0.010400000028312206
Time for 'nx/js/dependencies-and-lockfile:createNodes' 8.850899999961257
Time for '@nx/jest/plugin:createNodes' 12.348900000564754
Time for 'HASH_MULTI_GLOB round trip' 3.8307999996468425
Time for 'deserialize daemon response - HASH_MULTI_GLOB' 0.008999999612569809
Time for '@nx/eslint/plugin:createNodes' 28.873599999584258
Unable to find local plugin [] Map(0) {}
[NX v22.3.3 Daemon Server] - 2026-01-10T15:45:54.546Z - Time taken for 'build-project-configs' 31.922500000335276ms
Time for 'build typescript dependencies' 2.7911000000312924
[NX v22.3.3 Daemon Server] - 2026-01-10T15:45:54.561Z - [SYNC]: collect registered sync generators
[NX v22.3.3 Daemon Server] - 2026-01-10T15:45:54.562Z - [SYNC]: project graph hash is the same, not collecting task sync generators
[NX v22.3.3 Daemon Server] - 2026-01-10T15:45:54.562Z - [SYNC]: nx.json hash is the same, not collecting global sync generators
[NX v22.3.3 Daemon Server] - 2026-01-10T15:45:54.562Z - Time taken for 'total execution time for createProjectGraph()' 18.12210000026971ms
[NX v22.3.3 Daemon Server] - 2026-01-10T15:46:01.978Z - [WATCHER]: 0 file(s) created or restored, 0 file(s) modified, 2 file(s) deleted
[NX v22.3.3 Daemon Server] - 2026-01-10T15:46:01.978Z - [SYNC]: clearing sync generators cache due to file changes
[NX v22.3.3 Daemon Server] - 2026-01-10T15:46:01.978Z - [WATCHER]: Processing file changes in outputs
[NX v22.3.3 Daemon Server] - 2026-01-10T15:46:02.192Z - [REQUEST]: Updated workspace context based on watched changes, recomputing project graph...
[NX v22.3.3 Daemon Server] - 2026-01-10T15:46:02.192Z - [REQUEST]: 
[NX v22.3.3 Daemon Server] - 2026-01-10T15:46:02.192Z - [REQUEST]: .idea/dataSources/fc894f9a-d6b4-48c4-a8e0-6261b69bc26b.xml,.idea/dataSources/fc894f9a-d6b4-48c4-a8e0-6261b69bc26b.xml.tmp
Time for 'daemon-message-serialization-HASH_GLOB' 0.009000000543892384
Time for 'daemon-message-serialization-GLOB' 0.010400000028312206
[NX v22.3.3 Daemon Server] - 2026-01-10T15:46:02.196Z - Received raw message of length 72
[NX v22.3.3 Daemon Server] - 2026-01-10T15:46:02.196Z - Received json message of type HASH_GLOB
Time for 'nx/core/project-json:createNodes' 0.6655000001192093
Time for 'daemon-message-serialization-HASH_GLOB' 0.012500000186264515
Time for 'nx/core/package-json:createNodes' 1.0773000000044703
Time for 'daemon-message-serialization-HASH_MULTI_GLOB' 0.012199999764561653
[NX v22.3.3 Daemon Server] - 2026-01-10T15:46:02.197Z - Serializing response for HASH_GLOB message in json mode
[NX v22.3.3 Daemon Server] - 2026-01-10T15:46:02.197Z - Responding to HASH_GLOB message
[NX v22.3.3 Daemon Server] - 2026-01-10T15:46:02.197Z - [REQUEST]: Responding to the client. handleHashGlob
[NX v22.3.3 Daemon Server] - 2026-01-10T15:46:02.197Z - Time taken for 'hash changed files from watcher' 0.40560000017285347ms
Time for '@nx/playwright/plugin:createNodes' 3.472099999897182
Time for 'HASH_GLOB round trip' 1.8634000001475215
Time for 'deserialize daemon response - HASH_GLOB' 0.011300000362098217
[NX v22.3.3 Daemon Server] - 2026-01-10T15:46:02.198Z - Received raw message of length 73
[NX v22.3.3 Daemon Server] - 2026-01-10T15:46:02.198Z - Received json message of type GLOB
[NX v22.3.3 Daemon Server] - 2026-01-10T15:46:02.198Z - Serializing response for GLOB message in json mode
[NX v22.3.3 Daemon Server] - 2026-01-10T15:46:02.198Z - Responding to GLOB message
[NX v22.3.3 Daemon Server] - 2026-01-10T15:46:02.198Z - [REQUEST]: Responding to the client. handleGlob
Time for 'GLOB round trip' 2.9534999998286366
Time for 'deserialize daemon response - GLOB' 0.019500000402331352
Time for 'daemon-message-serialization-HASH_MULTI_GLOB' 0.010599999688565731
[NX v22.3.3 Daemon Server] - 2026-01-10T15:46:02.199Z - Received raw message of length 67
[NX v22.3.3 Daemon Server] - 2026-01-10T15:46:02.199Z - Received json message of type HASH_GLOB
[NX v22.3.3 Daemon Server] - 2026-01-10T15:46:02.200Z - Serializing response for HASH_GLOB message in json mode
[NX v22.3.3 Daemon Server] - 2026-01-10T15:46:02.200Z - Responding to HASH_GLOB message
[NX v22.3.3 Daemon Server] - 2026-01-10T15:46:02.200Z - [REQUEST]: Responding to the client. handleHashGlob
[NX v22.3.3 Daemon Server] - 2026-01-10T15:46:02.200Z - Received raw message of length 60
[NX v22.3.3 Daemon Server] - 2026-01-10T15:46:02.200Z - Received json message of type HASH_MULTI_GLOB
Time for '@nx/webpack/plugin:createNodes' 5.164599999785423
Time for 'HASH_GLOB round trip' 3.1632000003010035
Time for 'deserialize daemon response - HASH_GLOB' 0.008500000461935997
[NX v22.3.3 Daemon Server] - 2026-01-10T15:46:02.201Z - Serializing response for HASH_GLOB message in json mode
[NX v22.3.3 Daemon Server] - 2026-01-10T15:46:02.201Z - Responding to HASH_GLOB message
[NX v22.3.3 Daemon Server] - 2026-01-10T15:46:02.201Z - [REQUEST]: Responding to the client. handleHashMultiGlob
[NX v22.3.3 Daemon Server] - 2026-01-10T15:46:02.201Z - Done responding to the client handleHashGlob
[NX v22.3.3 Daemon Server] - 2026-01-10T15:46:02.201Z - Handled json message HASH_GLOB. Handling time: 1. Response time: 4.
[NX v22.3.3 Daemon Server] - 2026-01-10T15:46:02.201Z - Done responding to the client handleGlob
[NX v22.3.3 Daemon Server] - 2026-01-10T15:46:02.201Z - Handled json message GLOB. Handling time: 0. Response time: 3.
[NX v22.3.3 Daemon Server] - 2026-01-10T15:46:02.201Z - Received raw message of length 586
[NX v22.3.3 Daemon Server] - 2026-01-10T15:46:02.201Z - Received json message of type HASH_MULTI_GLOB
Time for '@nx/jest/plugin:createNodes' 6.024799999780953
Time for 'HASH_MULTI_GLOB round trip' 4.0655999993905425
Time for 'deserialize daemon response - HASH_MULTI_GLOB' 0.009199999272823334
[NX v22.3.3 Daemon Server] - 2026-01-10T15:46:02.203Z - Serializing response for HASH_GLOB message in json mode
[NX v22.3.3 Daemon Server] - 2026-01-10T15:46:02.203Z - Responding to HASH_GLOB message
[NX v22.3.3 Daemon Server] - 2026-01-10T15:46:02.203Z - [REQUEST]: Responding to the client. handleHashMultiGlob
[NX v22.3.3 Daemon Server] - 2026-01-10T15:46:02.203Z - Done responding to the client handleHashGlob
[NX v22.3.3 Daemon Server] - 2026-01-10T15:46:02.203Z - Handled json message HASH_GLOB. Handling time: 1. Response time: 3.
[NX v22.3.3 Daemon Server] - 2026-01-10T15:46:02.203Z - Done responding to the client handleHashMultiGlob
[NX v22.3.3 Daemon Server] - 2026-01-10T15:46:02.203Z - Handled json message HASH_GLOB. Handling time: 1. Response time: 2.
[NX v22.3.3 Daemon Server] - 2026-01-10T15:46:02.203Z - Done responding to the client handleHashMultiGlob
[NX v22.3.3 Daemon Server] - 2026-01-10T15:46:02.203Z - Handled json message HASH_GLOB. Handling time: 2. Response time: 0.
Time for '@nx/eslint/plugin:createNodes' 8.656000000424683
Time for 'HASH_MULTI_GLOB round trip' 3.692299999296665
Time for 'deserialize daemon response - HASH_MULTI_GLOB' 0.006099999882280827
Time for 'nx/js/dependencies-and-lockfile:createNodes' 7.379200000315905
Unable to find local plugin [] Map(0) {}
[NX v22.3.3 Daemon Server] - 2026-01-10T15:46:02.213Z - Time taken for 'build-project-configs' 14.168299999088049ms
Time for 'build typescript dependencies' 0.013700000010430813
[NX v22.3.3 Daemon Server] - 2026-01-10T15:46:02.226Z - [SYNC]: collect registered sync generators
[NX v22.3.3 Daemon Server] - 2026-01-10T15:46:02.226Z - [SYNC]: project graph hash is the same, not collecting task sync generators
[NX v22.3.3 Daemon Server] - 2026-01-10T15:46:02.226Z - [SYNC]: nx.json hash is the same, not collecting global sync generators
[NX v22.3.3 Daemon Server] - 2026-01-10T15:46:02.226Z - Time taken for 'total execution time for createProjectGraph()' 15.332400000654161ms
[NX v22.3.3 Daemon Server] - 2026-01-10T15:47:52.799Z - [WATCHER]: backend/src/app/database/datasource.ts was deleted
[NX v22.3.3 Daemon Server] - 2026-01-10T15:47:52.799Z - [SYNC]: clearing sync generators cache due to file changes
[NX v22.3.3 Daemon Server] - 2026-01-10T15:47:52.799Z - [WATCHER]: Processing file changes in outputs
[NX v22.3.3 Daemon Server] - 2026-01-10T15:47:53.203Z - [REQUEST]: Updated workspace context based on watched changes, recomputing project graph...
[NX v22.3.3 Daemon Server] - 2026-01-10T15:47:53.203Z - [REQUEST]: 
[NX v22.3.3 Daemon Server] - 2026-01-10T15:47:53.203Z - [REQUEST]: backend/src/app/database/datasource.ts
Time for 'daemon-message-serialization-HASH_GLOB' 0.012399999424815178
Time for 'daemon-message-serialization-GLOB' 0.010899998247623444
Time for 'daemon-message-serialization-HASH_MULTI_GLOB' 0.008400000631809235
Time for 'daemon-message-serialization-HASH_GLOB' 0.012000000104308128
Time for 'nx/core/project-json:createNodes' 0.5479999985545874
[NX v22.3.3 Daemon Server] - 2026-01-10T15:47:53.209Z - Received raw message of length 72
[NX v22.3.3 Daemon Server] - 2026-01-10T15:47:53.209Z - Received json message of type HASH_GLOB
[NX v22.3.3 Daemon Server] - 2026-01-10T15:47:53.209Z - Serializing response for HASH_GLOB message in json mode
Time for 'nx/core/package-json:createNodes' 1.1350999996066093
[NX v22.3.3 Daemon Server] - 2026-01-10T15:47:53.209Z - Responding to HASH_GLOB message
[NX v22.3.3 Daemon Server] - 2026-01-10T15:47:53.209Z - [REQUEST]: Responding to the client. handleHashGlob
[NX v22.3.3 Daemon Server] - 2026-01-10T15:47:53.210Z - Received raw message of length 73
[NX v22.3.3 Daemon Server] - 2026-01-10T15:47:53.210Z - Received json message of type GLOB
Time for '@nx/playwright/plugin:createNodes' 4.787100000306964
Time for 'HASH_GLOB round trip' 3.0942999999970198
Time for 'deserialize daemon response - HASH_GLOB' 0.00950000062584877
[NX v22.3.3 Daemon Server] - 2026-01-10T15:47:53.211Z - Serializing response for GLOB message in json mode
[NX v22.3.3 Daemon Server] - 2026-01-10T15:47:53.211Z - Responding to GLOB message
[NX v22.3.3 Daemon Server] - 2026-01-10T15:47:53.211Z - [REQUEST]: Responding to the client. handleGlob
[NX v22.3.3 Daemon Server] - 2026-01-10T15:47:53.211Z - Time taken for 'hash changed files from watcher' 0.30900000035762787ms
Time for 'GLOB round trip' 3.019600000232458
Time for 'deserialize daemon response - GLOB' 0.010599998757243156
Time for 'daemon-message-serialization-HASH_MULTI_GLOB' 0.01209999993443489
[NX v22.3.3 Daemon Server] - 2026-01-10T15:47:53.212Z - Received raw message of length 60
[NX v22.3.3 Daemon Server] - 2026-01-10T15:47:53.212Z - Received json message of type HASH_MULTI_GLOB
[NX v22.3.3 Daemon Server] - 2026-01-10T15:47:53.212Z - Serializing response for HASH_GLOB message in json mode
[NX v22.3.3 Daemon Server] - 2026-01-10T15:47:53.212Z - Responding to HASH_GLOB message
[NX v22.3.3 Daemon Server] - 2026-01-10T15:47:53.212Z - [REQUEST]: Responding to the client. handleHashMultiGlob
[NX v22.3.3 Daemon Server] - 2026-01-10T15:47:53.213Z - Received raw message of length 67
[NX v22.3.3 Daemon Server] - 2026-01-10T15:47:53.213Z - Received json message of type HASH_GLOB
[NX v22.3.3 Daemon Server] - 2026-01-10T15:47:53.213Z - Serializing response for HASH_GLOB message in json mode
[NX v22.3.3 Daemon Server] - 2026-01-10T15:47:53.213Z - Responding to HASH_GLOB message
[NX v22.3.3 Daemon Server] - 2026-01-10T15:47:53.213Z - [REQUEST]: Responding to the client. handleHashGlob
[NX v22.3.3 Daemon Server] - 2026-01-10T15:47:53.213Z - Done responding to the client handleHashGlob
[NX v22.3.3 Daemon Server] - 2026-01-10T15:47:53.214Z - Handled json message HASH_GLOB. Handling time: 0. Response time: 5.
[NX v22.3.3 Daemon Server] - 2026-01-10T15:47:53.214Z - Done responding to the client handleGlob
[NX v22.3.3 Daemon Server] - 2026-01-10T15:47:53.214Z - Handled json message GLOB. Handling time: 1. Response time: 3.
[NX v22.3.3 Daemon Server] - 2026-01-10T15:47:53.214Z - Received raw message of length 586
[NX v22.3.3 Daemon Server] - 2026-01-10T15:47:53.214Z - Received json message of type HASH_MULTI_GLOB
Time for '@nx/webpack/plugin:createNodes' 7.871600000187755
Time for 'HASH_GLOB round trip' 4.446900000795722
Time for 'deserialize daemon response - HASH_GLOB' 0.012800000607967377
[NX v22.3.3 Daemon Server] - 2026-01-10T15:47:53.216Z - Serializing response for HASH_GLOB message in json mode
[NX v22.3.3 Daemon Server] - 2026-01-10T15:47:53.216Z - Responding to HASH_GLOB message
[NX v22.3.3 Daemon Server] - 2026-01-10T15:47:53.216Z - [REQUEST]: Responding to the client. handleHashMultiGlob
[NX v22.3.3 Daemon Server] - 2026-01-10T15:47:53.216Z - Done responding to the client handleHashMultiGlob
[NX v22.3.3 Daemon Server] - 2026-01-10T15:47:53.216Z - Handled json message HASH_GLOB. Handling time: 0. Response time: 4.
[NX v22.3.3 Daemon Server] - 2026-01-10T15:47:53.216Z - Done responding to the client handleHashGlob
[NX v22.3.3 Daemon Server] - 2026-01-10T15:47:53.216Z - Handled json message HASH_GLOB. Handling time: 0. Response time: 3.
[NX v22.3.3 Daemon Server] - 2026-01-10T15:47:53.216Z - Done responding to the client handleHashMultiGlob
[NX v22.3.3 Daemon Server] - 2026-01-10T15:47:53.216Z - Handled json message HASH_GLOB. Handling time: 2. Response time: 0.
Time for 'HASH_MULTI_GLOB round trip' 4.847500000149012
Time for 'deserialize daemon response - HASH_MULTI_GLOB' 0.007300000637769699
Time for 'nx/js/dependencies-and-lockfile:createNodes' 8.919400000944734
Time for '@nx/jest/plugin:createNodes' 11.20350000075996
Time for 'HASH_MULTI_GLOB round trip' 3.4600000008940697
Time for 'deserialize daemon response - HASH_MULTI_GLOB' 0.008000001311302185
Time for '@nx/eslint/plugin:createNodes' 37.96749999932945
Unable to find local plugin [] Map(0) {}
[NX v22.3.3 Daemon Server] - 2026-01-10T15:47:53.261Z - Time taken for 'build-project-configs' 49.18809999898076ms
Time for 'build typescript dependencies' 0.017500000074505806
[NX v22.3.3 Daemon Server] - 2026-01-10T15:47:53.278Z - [SYNC]: collect registered sync generators
[NX v22.3.3 Daemon Server] - 2026-01-10T15:47:53.278Z - [SYNC]: project graph hash is the same, not collecting task sync generators
[NX v22.3.3 Daemon Server] - 2026-01-10T15:47:53.278Z - [SYNC]: nx.json hash is the same, not collecting global sync generators
[NX v22.3.3 Daemon Server] - 2026-01-10T15:47:53.278Z - Time taken for 'total execution time for createProjectGraph()' 20.155600000172853ms
[NX v22.3.3 Daemon Server] - 2026-01-10T15:48:25.423Z - [WATCHER]: backend/.env was modified
[NX v22.3.3 Daemon Server] - 2026-01-10T15:48:25.423Z - [SYNC]: clearing sync generators cache due to file changes
[NX v22.3.3 Daemon Server] - 2026-01-10T15:48:25.423Z - [WATCHER]: Processing file changes in outputs
[NX v22.3.3 Daemon Server] - 2026-01-10T15:48:26.233Z - [REQUEST]: Updated workspace context based on watched changes, recomputing project graph...
[NX v22.3.3 Daemon Server] - 2026-01-10T15:48:26.233Z - [REQUEST]: backend/.env
[NX v22.3.3 Daemon Server] - 2026-01-10T15:48:26.233Z - [REQUEST]: 
Time for 'daemon-message-serialization-HASH_GLOB' 0.009400000795722008
Time for 'daemon-message-serialization-GLOB' 0.008700000122189522
Time for 'daemon-message-serialization-HASH_GLOB' 0.013199999928474426
Time for 'nx/core/project-json:createNodes' 0.5080000013113022
Time for 'daemon-message-serialization-HASH_MULTI_GLOB' 0.012800000607967377
[NX v22.3.3 Daemon Server] - 2026-01-10T15:48:26.239Z - Received raw message of length 72
[NX v22.3.3 Daemon Server] - 2026-01-10T15:48:26.239Z - Received json message of type HASH_GLOB
Time for 'nx/core/package-json:createNodes' 1.0178000014275312
[NX v22.3.3 Daemon Server] - 2026-01-10T15:48:26.240Z - Serializing response for HASH_GLOB message in json mode
[NX v22.3.3 Daemon Server] - 2026-01-10T15:48:26.240Z - Responding to HASH_GLOB message
[NX v22.3.3 Daemon Server] - 2026-01-10T15:48:26.240Z - [REQUEST]: Responding to the client. handleHashGlob
[NX v22.3.3 Daemon Server] - 2026-01-10T15:48:26.240Z - Received raw message of length 73
[NX v22.3.3 Daemon Server] - 2026-01-10T15:48:26.240Z - Received json message of type GLOB
Time for '@nx/playwright/plugin:createNodes' 4.624399999156594
Time for 'HASH_GLOB round trip' 3.0766000002622604
Time for 'deserialize daemon response - HASH_GLOB' 0.014999998733401299
[NX v22.3.3 Daemon Server] - 2026-01-10T15:48:26.241Z - Serializing response for GLOB message in json mode
[NX v22.3.3 Daemon Server] - 2026-01-10T15:48:26.241Z - Responding to GLOB message
[NX v22.3.3 Daemon Server] - 2026-01-10T15:48:26.241Z - [REQUEST]: Responding to the client. handleGlob
[NX v22.3.3 Daemon Server] - 2026-01-10T15:48:26.241Z - Time taken for 'hash changed files from watcher' 0.382099999114871ms
Time for 'GLOB round trip' 3.064699999988079
Time for 'deserialize daemon response - GLOB' 0.009999999776482582
Time for 'daemon-message-serialization-HASH_MULTI_GLOB' 0.014000000432133675
[NX v22.3.3 Daemon Server] - 2026-01-10T15:48:26.242Z - Received raw message of length 67
[NX v22.3.3 Daemon Server] - 2026-01-10T15:48:26.242Z - Received json message of type HASH_GLOB
[NX v22.3.3 Daemon Server] - 2026-01-10T15:48:26.242Z - Serializing response for HASH_GLOB message in json mode
[NX v22.3.3 Daemon Server] - 2026-01-10T15:48:26.242Z - Responding to HASH_GLOB message
[NX v22.3.3 Daemon Server] - 2026-01-10T15:48:26.242Z - [REQUEST]: Responding to the client. handleHashGlob
[NX v22.3.3 Daemon Server] - 2026-01-10T15:48:26.243Z - Received raw message of length 60
[NX v22.3.3 Daemon Server] - 2026-01-10T15:48:26.243Z - Received json message of type HASH_MULTI_GLOB
[NX v22.3.3 Daemon Server] - 2026-01-10T15:48:26.243Z - Serializing response for HASH_GLOB message in json mode
[NX v22.3.3 Daemon Server] - 2026-01-10T15:48:26.243Z - Responding to HASH_GLOB message
[NX v22.3.3 Daemon Server] - 2026-01-10T15:48:26.243Z - [REQUEST]: Responding to the client. handleHashMultiGlob
[NX v22.3.3 Daemon Server] - 2026-01-10T15:48:26.243Z - Done responding to the client handleHashGlob
[NX v22.3.3 Daemon Server] - 2026-01-10T15:48:26.243Z - Handled json message HASH_GLOB. Handling time: 1. Response time: 3.
[NX v22.3.3 Daemon Server] - 2026-01-10T15:48:26.243Z - Done responding to the client handleGlob
[NX v22.3.3 Daemon Server] - 2026-01-10T15:48:26.243Z - Handled json message GLOB. Handling time: 1. Response time: 2.
[NX v22.3.3 Daemon Server] - 2026-01-10T15:48:26.244Z - Received raw message of length 586
[NX v22.3.3 Daemon Server] - 2026-01-10T15:48:26.244Z - Received json message of type HASH_MULTI_GLOB
Time for '@nx/webpack/plugin:createNodes' 6.311999998986721
Time for 'HASH_GLOB round trip' 3.429400000721216
Time for 'deserialize daemon response - HASH_GLOB' 0.009700000286102295
[NX v22.3.3 Daemon Server] - 2026-01-10T15:48:26.245Z - Serializing response for HASH_GLOB message in json mode
[NX v22.3.3 Daemon Server] - 2026-01-10T15:48:26.245Z - Responding to HASH_GLOB message
[NX v22.3.3 Daemon Server] - 2026-01-10T15:48:26.245Z - [REQUEST]: Responding to the client. handleHashMultiGlob
[NX v22.3.3 Daemon Server] - 2026-01-10T15:48:26.245Z - Done responding to the client handleHashGlob
[NX v22.3.3 Daemon Server] - 2026-01-10T15:48:26.245Z - Handled json message HASH_GLOB. Handling time: 0. Response time: 3.
[NX v22.3.3 Daemon Server] - 2026-01-10T15:48:26.245Z - Done responding to the client handleHashMultiGlob
[NX v22.3.3 Daemon Server] - 2026-01-10T15:48:26.245Z - Handled json message HASH_GLOB. Handling time: 0. Response time: 2.
[NX v22.3.3 Daemon Server] - 2026-01-10T15:48:26.245Z - Done responding to the client handleHashMultiGlob
[NX v22.3.3 Daemon Server] - 2026-01-10T15:48:26.245Z - Handled json message HASH_GLOB. Handling time: 1. Response time: 0.
Time for 'nx/js/dependencies-and-lockfile:createNodes' 6.561899999156594
Time for 'HASH_MULTI_GLOB round trip' 3.771900000050664
Time for 'deserialize daemon response - HASH_MULTI_GLOB' 0.006299998611211777
Time for '@nx/jest/plugin:createNodes' 12.378000000491738
Time for 'HASH_MULTI_GLOB round trip' 4.289200000464916
Time for 'deserialize daemon response - HASH_MULTI_GLOB' 0.011399999260902405
Time for '@nx/eslint/plugin:createNodes' 26.606300000101328
Unable to find local plugin [] Map(0) {}
[NX v22.3.3 Daemon Server] - 2026-01-10T15:48:26.272Z - Time taken for 'build-project-configs' 30.549700001254678ms
Time for 'build typescript dependencies' 2.208000000566244
[NX v22.3.3 Daemon Server] - 2026-01-10T15:48:26.285Z - [SYNC]: collect registered sync generators
[NX v22.3.3 Daemon Server] - 2026-01-10T15:48:26.286Z - [SYNC]: project graph hash is the same, not collecting task sync generators
[NX v22.3.3 Daemon Server] - 2026-01-10T15:48:26.286Z - [SYNC]: nx.json hash is the same, not collecting global sync generators
[NX v22.3.3 Daemon Server] - 2026-01-10T15:48:26.286Z - Time taken for 'total execution time for createProjectGraph()' 16.63450000062585ms
[NX v22.3.3 Daemon Server] - 2026-01-10T15:48:28.538Z - [WATCHER]: 0 file(s) created or restored, 4 file(s) modified, 0 file(s) deleted
[NX v22.3.3 Daemon Server] - 2026-01-10T15:48:28.539Z - [SYNC]: clearing sync generators cache due to file changes
[NX v22.3.3 Daemon Server] - 2026-01-10T15:48:28.539Z - [WATCHER]: Processing file changes in outputs
[NX v22.3.3 Daemon Server] - 2026-01-10T15:48:28.881Z - [WATCHER]: Processing file changes in outputs
[NX v22.3.3 Daemon Server] - 2026-01-10T15:48:28.882Z - [WATCHER]: .idea/workspace.xml was modified
[NX v22.3.3 Daemon Server] - 2026-01-10T15:48:28.882Z - [SYNC]: clearing sync generators cache due to file changes
[NX v22.3.3 Daemon Server] - 2026-01-10T15:48:30.142Z - [REQUEST]: Updated workspace context based on watched changes, recomputing project graph...
[NX v22.3.3 Daemon Server] - 2026-01-10T15:48:30.142Z - [REQUEST]: backend/src/app/controller/photo.controller.ts,backend/src/app/app.module.ts,backend/src/app/services/photo.service.ts,backend/src/app/modules/photo.module.ts,.idea/workspace.xml
[NX v22.3.3 Daemon Server] - 2026-01-10T15:48:30.142Z - [REQUEST]: 
Time for 'daemon-message-serialization-HASH_GLOB' 0.009299999102950096
Time for 'daemon-message-serialization-GLOB' 0.009700000286102295
Time for 'daemon-message-serialization-HASH_MULTI_GLOB' 0.00989999994635582
Time for 'daemon-message-serialization-HASH_GLOB' 0.009999999776482582
Time for 'nx/core/package-json:createNodes' 1.0597000010311604
[NX v22.3.3 Daemon Server] - 2026-01-10T15:48:30.148Z - Received raw message of length 72
Time for 'nx/core/project-json:createNodes' 0.49729999899864197
[NX v22.3.3 Daemon Server] - 2026-01-10T15:48:30.148Z - Received json message of type HASH_GLOB
[NX v22.3.3 Daemon Server] - 2026-01-10T15:48:30.148Z - Serializing response for HASH_GLOB message in json mode
[NX v22.3.3 Daemon Server] - 2026-01-10T15:48:30.148Z - Responding to HASH_GLOB message
[NX v22.3.3 Daemon Server] - 2026-01-10T15:48:30.148Z - [REQUEST]: Responding to the client. handleHashGlob
[NX v22.3.3 Daemon Server] - 2026-01-10T15:48:30.149Z - Received raw message of length 73
[NX v22.3.3 Daemon Server] - 2026-01-10T15:48:30.149Z - Received json message of type GLOB
Time for '@nx/playwright/plugin:createNodes' 4.685100000351667
Time for 'HASH_GLOB round trip' 3.0855000000447035
Time for 'deserialize daemon response - HASH_GLOB' 0.00859999842941761
[NX v22.3.3 Daemon Server] - 2026-01-10T15:48:30.150Z - Serializing response for GLOB message in json mode
[NX v22.3.3 Daemon Server] - 2026-01-10T15:48:30.150Z - Responding to GLOB message
[NX v22.3.3 Daemon Server] - 2026-01-10T15:48:30.150Z - [REQUEST]: Responding to the client. handleGlob
[NX v22.3.3 Daemon Server] - 2026-01-10T15:48:30.150Z - Time taken for 'hash changed files from watcher' 0.729500001296401ms
Time for 'GLOB round trip' 3.223699999973178
Time for 'deserialize daemon response - GLOB' 0.011099999770522118
Time for 'daemon-message-serialization-HASH_MULTI_GLOB' 0.013499999418854713
[NX v22.3.3 Daemon Server] - 2026-01-10T15:48:30.151Z - Received raw message of length 60
[NX v22.3.3 Daemon Server] - 2026-01-10T15:48:30.151Z - Received json message of type HASH_MULTI_GLOB
[NX v22.3.3 Daemon Server] - 2026-01-10T15:48:30.151Z - Serializing response for HASH_GLOB message in json mode
[NX v22.3.3 Daemon Server] - 2026-01-10T15:48:30.151Z - Responding to HASH_GLOB message
[NX v22.3.3 Daemon Server] - 2026-01-10T15:48:30.151Z - [REQUEST]: Responding to the client. handleHashMultiGlob
[NX v22.3.3 Daemon Server] - 2026-01-10T15:48:30.152Z - Received raw message of length 67
[NX v22.3.3 Daemon Server] - 2026-01-10T15:48:30.152Z - Received json message of type HASH_GLOB
[NX v22.3.3 Daemon Server] - 2026-01-10T15:48:30.152Z - Serializing response for HASH_GLOB message in json mode
[NX v22.3.3 Daemon Server] - 2026-01-10T15:48:30.152Z - Responding to HASH_GLOB message
[NX v22.3.3 Daemon Server] - 2026-01-10T15:48:30.152Z - [REQUEST]: Responding to the client. handleHashGlob
[NX v22.3.3 Daemon Server] - 2026-01-10T15:48:30.153Z - Done responding to the client handleHashGlob
[NX v22.3.3 Daemon Server] - 2026-01-10T15:48:30.153Z - Handled json message HASH_GLOB. Handling time: 0. Response time: 5.
[NX v22.3.3 Daemon Server] - 2026-01-10T15:48:30.153Z - Done responding to the client handleGlob
[NX v22.3.3 Daemon Server] - 2026-01-10T15:48:30.153Z - Handled json message GLOB. Handling time: 1. Response time: 3.
[NX v22.3.3 Daemon Server] - 2026-01-10T15:48:30.153Z - Received raw message of length 586
[NX v22.3.3 Daemon Server] - 2026-01-10T15:48:30.153Z - Received json message of type HASH_MULTI_GLOB
Time for '@nx/webpack/plugin:createNodes' 8.11849999986589
Time for 'HASH_GLOB round trip' 4.6644999999552965
Time for 'deserialize daemon response - HASH_GLOB' 0.00860000029206276
[NX v22.3.3 Daemon Server] - 2026-01-10T15:48:30.155Z - Serializing response for HASH_GLOB message in json mode
[NX v22.3.3 Daemon Server] - 2026-01-10T15:48:30.155Z - Responding to HASH_GLOB message
[NX v22.3.3 Daemon Server] - 2026-01-10T15:48:30.155Z - [REQUEST]: Responding to the client. handleHashMultiGlob
[NX v22.3.3 Daemon Server] - 2026-01-10T15:48:30.155Z - Done responding to the client handleHashMultiGlob
[NX v22.3.3 Daemon Server] - 2026-01-10T15:48:30.155Z - Handled json message HASH_GLOB. Handling time: 0. Response time: 4.
[NX v22.3.3 Daemon Server] - 2026-01-10T15:48:30.155Z - Done responding to the client handleHashGlob
[NX v22.3.3 Daemon Server] - 2026-01-10T15:48:30.155Z - Handled json message HASH_GLOB. Handling time: 0. Response time: 3.
[NX v22.3.3 Daemon Server] - 2026-01-10T15:48:30.156Z - Done responding to the client handleHashMultiGlob
[NX v22.3.3 Daemon Server] - 2026-01-10T15:48:30.156Z - Handled json message HASH_GLOB. Handling time: 2. Response time: 1.
Time for 'nx/js/dependencies-and-lockfile:createNodes' 8.073799999430776
Time for 'HASH_MULTI_GLOB round trip' 4.980299999937415
Time for 'deserialize daemon response - HASH_MULTI_GLOB' 0.0074000004678964615
Time for '@nx/jest/plugin:createNodes' 12.065600000321865
Time for 'HASH_MULTI_GLOB round trip' 3.638799998909235
Time for 'deserialize daemon response - HASH_MULTI_GLOB' 0.008899999782443047
Time for '@nx/eslint/plugin:createNodes' 30.241900000721216
Unable to find local plugin [] Map(0) {}
[NX v22.3.3 Daemon Server] - 2026-01-10T15:48:30.183Z - Time taken for 'build-project-configs' 33.860299998894334ms
Time for 'build typescript dependencies' 2.3377999998629093
[NX v22.3.3 Daemon Server] - 2026-01-10T15:48:30.199Z - [SYNC]: collect registered sync generators
[NX v22.3.3 Daemon Server] - 2026-01-10T15:48:30.200Z - [SYNC]: project graph hash is the same, not collecting task sync generators
[NX v22.3.3 Daemon Server] - 2026-01-10T15:48:30.200Z - [SYNC]: nx.json hash is the same, not collecting global sync generators
[NX v22.3.3 Daemon Server] - 2026-01-10T15:48:30.200Z - Time taken for 'total execution time for createProjectGraph()' 18.799300000071526ms
[NX v22.3.3 Daemon Server] - 2026-01-10T15:54:01.886Z - [WATCHER]: Processing file changes in outputs
[NX v22.3.3 Daemon Server] - 2026-01-10T15:54:01.887Z - [WATCHER]: package.json was modified
[NX v22.3.3 Daemon Server] - 2026-01-10T15:54:01.887Z - [SYNC]: clearing sync generators cache due to file changes
[NX v22.3.3 Daemon Server] - 2026-01-10T15:54:02.165Z - [WATCHER]: Processing file changes in outputs
[NX v22.3.3 Daemon Server] - 2026-01-10T15:54:02.167Z - Closed a connection. Number of open connections: 4
[NX v22.3.3 Daemon Server] - 2026-01-10T15:54:02.167Z - Closed a connection. Number of open connections: 3
[NX v22.3.3 Daemon Server] - 2026-01-10T15:54:02.167Z - Closed a connection. Number of open connections: 2
[NX v22.3.3 Daemon Server] - 2026-01-10T15:54:02.167Z - Closed a connection. Number of open connections: 1
[NX v22.3.3 Daemon Server] - 2026-01-10T15:54:02.167Z - Closed a connection. Number of open connections: 0
[NX v22.3.3 Daemon Server] - 2026-01-10T15:54:02.167Z - [WATCHER]: Stopping the watcher for C:\Users\mariu\WebstormProjects\Sideboard (sources)
[NX v22.3.3 Daemon Server] - 2026-01-10T15:54:02.167Z - [WATCHER]: Stopping the watcher for C:\Users\mariu\WebstormProjects\Sideboard (outputs)
[NX v22.3.3 Daemon Server] - 2026-01-10T15:54:02.169Z - [NX-CONSOLE]: Cleaning up latest Nx installation from C:\Users\mariu\AppData\Local\Temp\tmp-69236-YS0vdJUaMj1w
[NX v22.3.3 Daemon Server] - 2026-01-10T15:54:02.171Z - Server stopped because: "LOCK_FILES_CHANGED"
[NX v22.3.3 Daemon Server] - 2026-01-10T16:05:23.590Z - Started listening on: \\.\pipe\nx\C:\Users\mariu\AppData\Local\Temp\981d22d2db4021c0c030\d.sock
[NX v22.3.3 Daemon Server] - 2026-01-10T16:05:23.592Z - [WATCHER]: Subscribed to changes within: C:\Users\mariu\WebstormProjects\Sideboard (native)
[NX v22.3.3 Daemon Server] - 2026-01-10T16:05:23.593Z - [NX-CONSOLE]: Pulling latest Nx (latest) to check console status...
Fetching nx...
[NX v22.3.3 Daemon Server] - 2026-01-10T16:05:23.868Z - Established a connection. Number of open connections: 1
[NX v22.3.3 Daemon Server] - 2026-01-10T16:05:23.868Z - Established a connection. Number of open connections: 2
[NX v22.3.3 Daemon Server] - 2026-01-10T16:05:23.869Z - Closed a connection. Number of open connections: 1
Time for 'plugin worker 73144 code loading' 5.6646
Time for 'plugin worker 74168 code loading' 4.991400000000002
Time for 'plugin worker 80268 code loading' 4.052500000000002
Time for 'plugin worker 92396 code loading' 3.9025999999999996
Time for 'plugin worker 23580 code loading' 4.271599999999999
Time for 'plugin worker 81108 code loading' 4.8826
Time for 'plugin worker 88788 code loading' 5.93
[NX v22.3.3 Daemon Server] - 2026-01-10T16:05:23.956Z - Received raw message of length 32
[NX v22.3.3 Daemon Server] - 2026-01-10T16:05:23.956Z - Received json message of type GET_NX_CONSOLE_STATUS
[NX v22.3.3 Daemon Server] - 2026-01-10T16:05:23.957Z - Serializing response for GET_NX_CONSOLE_STATUS message in json mode
[NX v22.3.3 Daemon Server] - 2026-01-10T16:05:23.957Z - Responding to GET_NX_CONSOLE_STATUS message
[NX v22.3.3 Daemon Server] - 2026-01-10T16:05:23.957Z - [REQUEST]: Responding to the client. handleGetNxConsoleStatus
[NX v22.3.3 Daemon Server] - 2026-01-10T16:05:23.957Z - Done responding to the client handleGetNxConsoleStatus
[NX v22.3.3 Daemon Server] - 2026-01-10T16:05:23.957Z - Handled json message GET_NX_CONSOLE_STATUS. Handling time: 0. Response time: 0.
[NX v22.3.3 Daemon Server] - 2026-01-10T16:05:24.060Z - Received raw message of length 32
[NX v22.3.3 Daemon Server] - 2026-01-10T16:05:24.060Z - Received json message of type REQUEST_PROJECT_GRAPH
[NX v22.3.3 Daemon Server] - 2026-01-10T16:05:24.060Z - [REQUEST]: Client Request for Project Graph Received
[NX v22.3.3 Daemon Server] - 2026-01-10T16:05:24.188Z - Time taken for 'Load Nx Plugin: C:\Users\mariu\WebstormProjects\Sideboard\node_modules\nx\src\plugins\project-json\build-nodes\project-json' 361.2571ms
[NX v22.3.3 Daemon Server] - 2026-01-10T16:05:24.188Z - Time taken for 'Load Nx Plugin: C:\Users\mariu\WebstormProjects\Sideboard\node_modules\nx\src\plugins\package-json' 361.9954ms
[NX v22.3.3 Daemon Server] - 2026-01-10T16:05:24.208Z - Time taken for 'loadDefaultNxPlugins' 382.06170000000003ms
[NX v22.3.3 Daemon Server] - 2026-01-10T16:05:24.335Z - Time taken for 'Load Nx Plugin: @nx/jest/plugin' 505.96389999999997ms
[NX v22.3.3 Daemon Server] - 2026-01-10T16:05:24.411Z - Time taken for 'Load Nx Plugin: @nx/playwright/plugin' 583.9798000000001ms
[NX v22.3.3 Daemon Server] - 2026-01-10T16:05:24.412Z - Time taken for 'Load Nx Plugin: @nx/eslint/plugin' 584.1683ms
[NX v22.3.3 Daemon Server] - 2026-01-10T16:05:24.417Z - [REQUEST]: Updated workspace context based on watched changes, recomputing project graph...
[NX v22.3.3 Daemon Server] - 2026-01-10T16:05:24.417Z - [REQUEST]: 
[NX v22.3.3 Daemon Server] - 2026-01-10T16:05:24.417Z - [REQUEST]: 
[NX v22.3.3 Daemon Server] - 2026-01-10T16:05:24.419Z - Reusing in-memory cached project graph because no files changed.
[NX v22.3.3 Daemon Server] - 2026-01-10T16:05:24.427Z - Time taken for 'loadSpecifiedNxPlugins' 588.7950000000001ms
[NX v22.3.3 Daemon Server] - 2026-01-10T16:05:24.427Z - Established a connection. Number of open connections: 2
[NX v22.3.3 Daemon Server] - 2026-01-10T16:05:24.427Z - Established a connection. Number of open connections: 3
[NX v22.3.3 Daemon Server] - 2026-01-10T16:05:24.427Z - Closed a connection. Number of open connections: 2
[NX v22.3.3 Daemon Server] - 2026-01-10T16:05:24.428Z - Established a connection. Number of open connections: 3
Time for 'nx/core/project-json:createNodes' 0.9773000000000138
[NX v22.3.3 Daemon Server] - 2026-01-10T16:05:24.428Z - Closed a connection. Number of open connections: 2
[NX v22.3.3 Daemon Server] - 2026-01-10T16:05:24.428Z - Established a connection. Number of open connections: 3
[NX v22.3.3 Daemon Server] - 2026-01-10T16:05:24.429Z - Established a connection. Number of open connections: 4
[NX v22.3.3 Daemon Server] - 2026-01-10T16:05:24.429Z - Closed a connection. Number of open connections: 3
[NX v22.3.3 Daemon Server] - 2026-01-10T16:05:24.430Z - Established a connection. Number of open connections: 4
Time for 'nx/core/package-json:createNodes' 4.431699999999978
[NX v22.3.3 Daemon Server] - 2026-01-10T16:05:24.431Z - Established a connection. Number of open connections: 5
[NX v22.3.3 Daemon Server] - 2026-01-10T16:05:24.432Z - Closed a connection. Number of open connections: 4
[NX v22.3.3 Daemon Server] - 2026-01-10T16:05:24.432Z - Established a connection. Number of open connections: 5
Time for 'nx/js/dependencies-and-lockfile:createNodes' 9.763700000000085
[NX v22.3.3 Daemon Server] - 2026-01-10T16:05:24.646Z - [WATCHER]: .idea/workspace.xml was modified
[NX v22.3.3 Daemon Server] - 2026-01-10T16:05:24.646Z - [SYNC]: clearing sync generators cache due to file changes
[NX v22.3.3 Daemon Server] - 2026-01-10T16:05:24.646Z - [WATCHER]: Processing file changes in outputs
[NX v22.3.3 Daemon Server] - 2026-01-10T16:05:24.754Z - [REQUEST]: Updated workspace context based on watched changes, recomputing project graph...
[NX v22.3.3 Daemon Server] - 2026-01-10T16:05:24.754Z - [REQUEST]: .idea/workspace.xml
[NX v22.3.3 Daemon Server] - 2026-01-10T16:05:24.754Z - [REQUEST]: 
[NX v22.3.3 Daemon Server] - 2026-01-10T16:05:24.761Z - Time taken for 'hash changed files from watcher' 0.7586999999998625ms
Time for 'nx/core/project-json:createNodes' 0.7281999999999016
Time for 'nx/core/package-json:createNodes' 1.367900000000077
Time for 'nx/js/dependencies-and-lockfile:createNodes' 9.04570000000001
Time for 'daemon-message-serialization-GLOB' 0.14030000000002474
Time for 'daemon-message-serialization-HASH_GLOB' 0.09610000000020591
[NX v22.3.3 Daemon Server] - 2026-01-10T16:05:24.898Z - Received raw message of length 73
[NX v22.3.3 Daemon Server] - 2026-01-10T16:05:24.898Z - Received json message of type GLOB
[NX v22.3.3 Daemon Server] - 2026-01-10T16:05:24.899Z - Serializing response for GLOB message in json mode
[NX v22.3.3 Daemon Server] - 2026-01-10T16:05:24.899Z - Responding to GLOB message
[NX v22.3.3 Daemon Server] - 2026-01-10T16:05:24.899Z - [REQUEST]: Responding to the client. handleGlob
[NX v22.3.3 Daemon Server] - 2026-01-10T16:05:24.901Z - Received raw message of length 72
[NX v22.3.3 Daemon Server] - 2026-01-10T16:05:24.901Z - Received json message of type HASH_GLOB
Time for 'GLOB round trip' 5.254100000000108
Time for 'deserialize daemon response - GLOB' 0.07889999999997599
Time for 'daemon-message-serialization-GLOB' 0.024299999999811916
[NX v22.3.3 Daemon Server] - 2026-01-10T16:05:24.902Z - Serializing response for HASH_GLOB message in json mode
[NX v22.3.3 Daemon Server] - 2026-01-10T16:05:24.902Z - Responding to HASH_GLOB message
[NX v22.3.3 Daemon Server] - 2026-01-10T16:05:24.903Z - [REQUEST]: Responding to the client. handleHashGlob
[NX v22.3.3 Daemon Server] - 2026-01-10T16:05:24.903Z - Done responding to the client handleGlob
[NX v22.3.3 Daemon Server] - 2026-01-10T16:05:24.903Z - Handled json message GLOB. Handling time: 1. Response time: 4.
[NX v22.3.3 Daemon Server] - 2026-01-10T16:05:24.904Z - Received raw message of length 73
[NX v22.3.3 Daemon Server] - 2026-01-10T16:05:24.904Z - Received json message of type GLOB
[NX v22.3.3 Daemon Server] - 2026-01-10T16:05:24.906Z - Serializing response for GLOB message in json mode
[NX v22.3.3 Daemon Server] - 2026-01-10T16:05:24.906Z - Responding to GLOB message
[NX v22.3.3 Daemon Server] - 2026-01-10T16:05:24.906Z - [REQUEST]: Responding to the client. handleGlob
[NX v22.3.3 Daemon Server] - 2026-01-10T16:05:24.906Z - Done responding to the client handleHashGlob
[NX v22.3.3 Daemon Server] - 2026-01-10T16:05:24.906Z - Handled json message HASH_GLOB. Handling time: 1. Response time: 4.
[NX v22.3.3 Daemon Server] - 2026-01-10T16:05:24.906Z - Done responding to the client handleGlob
[NX v22.3.3 Daemon Server] - 2026-01-10T16:05:24.906Z - Handled json message GLOB. Handling time: 1. Response time: 0.
Time for 'GLOB round trip' 5.092399999999998
Time for 'deserialize daemon response - GLOB' 0.02800000000002001
Time for 'daemon-message-serialization-HASH_MULTI_GLOB' 0.04299999999989268
[NX v22.3.3 Daemon Server] - 2026-01-10T16:05:24.909Z - Received raw message of length 586
[NX v22.3.3 Daemon Server] - 2026-01-10T16:05:24.909Z - Received json message of type HASH_MULTI_GLOB
[NX v22.3.3 Daemon Server] - 2026-01-10T16:05:24.916Z - Serializing response for HASH_GLOB message in json mode
[NX v22.3.3 Daemon Server] - 2026-01-10T16:05:24.916Z - Responding to HASH_GLOB message
[NX v22.3.3 Daemon Server] - 2026-01-10T16:05:24.916Z - [REQUEST]: Responding to the client. handleHashMultiGlob
[NX v22.3.3 Daemon Server] - 2026-01-10T16:05:24.916Z - Done responding to the client handleHashMultiGlob
[NX v22.3.3 Daemon Server] - 2026-01-10T16:05:24.916Z - Handled json message HASH_GLOB. Handling time: 7. Response time: 0.
Time for 'daemon-message-serialization-HASH_GLOB' 0.05889999999999418
Time for 'daemon-message-serialization-HASH_MULTI_GLOB' 0.07869999999979882
[NX v22.3.3 Daemon Server] - 2026-01-10T16:05:24.927Z - Received raw message of length 67
[NX v22.3.3 Daemon Server] - 2026-01-10T16:05:24.927Z - Received json message of type HASH_GLOB
[NX v22.3.3 Daemon Server] - 2026-01-10T16:05:24.928Z - Serializing response for HASH_GLOB message in json mode
[NX v22.3.3 Daemon Server] - 2026-01-10T16:05:24.928Z - Responding to HASH_GLOB message
[NX v22.3.3 Daemon Server] - 2026-01-10T16:05:24.928Z - [REQUEST]: Responding to the client. handleHashGlob
[NX v22.3.3 Daemon Server] - 2026-01-10T16:05:24.929Z - Received raw message of length 60
[NX v22.3.3 Daemon Server] - 2026-01-10T16:05:24.929Z - Received json message of type HASH_MULTI_GLOB
[NX v22.3.3 Daemon Server] - 2026-01-10T16:05:24.929Z - Serializing response for HASH_GLOB message in json mode
[NX v22.3.3 Daemon Server] - 2026-01-10T16:05:24.929Z - Responding to HASH_GLOB message
[NX v22.3.3 Daemon Server] - 2026-01-10T16:05:24.929Z - [REQUEST]: Responding to the client. handleHashMultiGlob
[NX v22.3.3 Daemon Server] - 2026-01-10T16:05:24.929Z - Done responding to the client handleHashGlob
[NX v22.3.3 Daemon Server] - 2026-01-10T16:05:24.929Z - Handled json message HASH_GLOB. Handling time: 1. Response time: 1.
[NX v22.3.3 Daemon Server] - 2026-01-10T16:05:24.930Z - Done responding to the client handleHashMultiGlob
[NX v22.3.3 Daemon Server] - 2026-01-10T16:05:24.930Z - Handled json message HASH_GLOB. Handling time: 0. Response time: 1.
Time for 'HASH_MULTI_GLOB round trip' 9.104599999999891
Time for 'deserialize daemon response - HASH_MULTI_GLOB' 0.020399999999881402
Time for 'daemon-message-serialization-HASH_MULTI_GLOB' 0.025099999999838474
[NX v22.3.3 Daemon Server] - 2026-01-10T16:05:25.144Z - Received raw message of length 586
[NX v22.3.3 Daemon Server] - 2026-01-10T16:05:25.144Z - Received json message of type HASH_MULTI_GLOB
[NX v22.3.3 Daemon Server] - 2026-01-10T16:05:25.147Z - Serializing response for HASH_GLOB message in json mode
[NX v22.3.3 Daemon Server] - 2026-01-10T16:05:25.147Z - Responding to HASH_GLOB message
[NX v22.3.3 Daemon Server] - 2026-01-10T16:05:25.147Z - [REQUEST]: Responding to the client. handleHashMultiGlob
[NX v22.3.3 Daemon Server] - 2026-01-10T16:05:25.147Z - Done responding to the client handleHashMultiGlob
[NX v22.3.3 Daemon Server] - 2026-01-10T16:05:25.147Z - Handled json message HASH_GLOB. Handling time: 2. Response time: 0.
Time for 'HASH_MULTI_GLOB round trip' 5.624000000000024
Time for '@nx/jest/plugin:createNodes' 232.91830000000004
Time for 'deserialize daemon response - HASH_MULTI_GLOB' 0.060000000000172804
Time for 'daemon-message-serialization-HASH_MULTI_GLOB' 0.012999999999919964
[NX v22.3.3 Daemon Server] - 2026-01-10T16:05:25.159Z - Received raw message of length 60
[NX v22.3.3 Daemon Server] - 2026-01-10T16:05:25.159Z - Received json message of type HASH_MULTI_GLOB
[NX v22.3.3 Daemon Server] - 2026-01-10T16:05:25.160Z - Serializing response for HASH_GLOB message in json mode
[NX v22.3.3 Daemon Server] - 2026-01-10T16:05:25.160Z - Responding to HASH_GLOB message
[NX v22.3.3 Daemon Server] - 2026-01-10T16:05:25.160Z - [REQUEST]: Responding to the client. handleHashMultiGlob
[NX v22.3.3 Daemon Server] - 2026-01-10T16:05:25.160Z - Done responding to the client handleHashMultiGlob
[NX v22.3.3 Daemon Server] - 2026-01-10T16:05:25.160Z - Handled json message HASH_GLOB. Handling time: 1. Response time: 0.
Time for '@nx/jest/plugin:createNodes' 243.27790000000005
Time for 'HASH_MULTI_GLOB round trip' 229.9246999999998
Time for 'deserialize daemon response - HASH_MULTI_GLOB' 0.012199999999893407
Time for 'HASH_GLOB round trip' 4.851599999999962
Time for '@nx/webpack/plugin:createNodes' 384.19169999999986
Time for 'deserialize daemon response - HASH_GLOB' 0.05099999999993088
Time for 'daemon-message-serialization-HASH_GLOB' 0.01890000000003056
[NX v22.3.3 Daemon Server] - 2026-01-10T16:05:25.311Z - Received raw message of length 67
[NX v22.3.3 Daemon Server] - 2026-01-10T16:05:25.311Z - Received json message of type HASH_GLOB
[NX v22.3.3 Daemon Server] - 2026-01-10T16:05:25.312Z - Serializing response for HASH_GLOB message in json mode
[NX v22.3.3 Daemon Server] - 2026-01-10T16:05:25.312Z - Responding to HASH_GLOB message
[NX v22.3.3 Daemon Server] - 2026-01-10T16:05:25.312Z - [REQUEST]: Responding to the client. handleHashGlob
[NX v22.3.3 Daemon Server] - 2026-01-10T16:05:25.312Z - Done responding to the client handleHashGlob
[NX v22.3.3 Daemon Server] - 2026-01-10T16:05:25.312Z - Handled json message HASH_GLOB. Handling time: 1. Response time: 0.
Time for '@nx/webpack/plugin:createNodes' 389.99159999999983
Time for 'HASH_GLOB round trip' 5.110699999999952
Time for 'deserialize daemon response - HASH_GLOB' 0.01499999999987267
Time for 'HASH_GLOB round trip' 5.721900000000005
Time for 'deserialize daemon response - HASH_GLOB' 0.08300000000008367
Time for 'daemon-message-serialization-HASH_GLOB' 0.018600000000105865
[NX v22.3.3 Daemon Server] - 2026-01-10T16:05:25.909Z - Received raw message of length 72
[NX v22.3.3 Daemon Server] - 2026-01-10T16:05:25.909Z - Received json message of type HASH_GLOB
[NX v22.3.3 Daemon Server] - 2026-01-10T16:05:25.909Z - Serializing response for HASH_GLOB message in json mode
[NX v22.3.3 Daemon Server] - 2026-01-10T16:05:25.909Z - Responding to HASH_GLOB message
[NX v22.3.3 Daemon Server] - 2026-01-10T16:05:25.909Z - [REQUEST]: Responding to the client. handleHashGlob
[NX v22.3.3 Daemon Server] - 2026-01-10T16:05:25.909Z - Done responding to the client handleHashGlob
[NX v22.3.3 Daemon Server] - 2026-01-10T16:05:25.910Z - Handled json message HASH_GLOB. Handling time: 0. Response time: 1.
Time for 'HASH_GLOB round trip' 3.268899999999803
Time for 'deserialize daemon response - HASH_GLOB' 0.015300000000024738
Time for 'daemon-message-serialization-GET_FILES_IN_DIRECTORY' 0.01209999999991851
[NX v22.3.3 Daemon Server] - 2026-01-10T16:05:25.923Z - Received raw message of length 58
[NX v22.3.3 Daemon Server] - 2026-01-10T16:05:25.924Z - Received json message of type GET_FILES_IN_DIRECTORY
[NX v22.3.3 Daemon Server] - 2026-01-10T16:05:25.924Z - Serializing response for GET_FILES_IN_DIRECTORY message in json mode
[NX v22.3.3 Daemon Server] - 2026-01-10T16:05:25.924Z - Responding to GET_FILES_IN_DIRECTORY message
[NX v22.3.3 Daemon Server] - 2026-01-10T16:05:25.924Z - [REQUEST]: Responding to the client. handleNxWorkspaceFiles
[NX v22.3.3 Daemon Server] - 2026-01-10T16:05:25.924Z - Done responding to the client handleNxWorkspaceFiles
[NX v22.3.3 Daemon Server] - 2026-01-10T16:05:25.924Z - Handled json message GET_FILES_IN_DIRECTORY. Handling time: 0. Response time: 0.
Time for '@nx/playwright/plugin:createNodes' 1029.5162
Time for 'GET_FILES_IN_DIRECTORY round trip' 2.9413000000004104
Time for 'deserialize daemon response - GET_FILES_IN_DIRECTORY' 0.011300000000119326
Time for 'daemon-message-serialization-GET_FILES_IN_DIRECTORY' 0.009500000000116415
[NX v22.3.3 Daemon Server] - 2026-01-10T16:05:25.929Z - Received raw message of length 58
[NX v22.3.3 Daemon Server] - 2026-01-10T16:05:25.929Z - Received json message of type GET_FILES_IN_DIRECTORY
[NX v22.3.3 Daemon Server] - 2026-01-10T16:05:25.929Z - Serializing response for GET_FILES_IN_DIRECTORY message in json mode
[NX v22.3.3 Daemon Server] - 2026-01-10T16:05:25.929Z - Responding to GET_FILES_IN_DIRECTORY message
[NX v22.3.3 Daemon Server] - 2026-01-10T16:05:25.929Z - [REQUEST]: Responding to the client. handleNxWorkspaceFiles
[NX v22.3.3 Daemon Server] - 2026-01-10T16:05:25.929Z - Done responding to the client handleNxWorkspaceFiles
[NX v22.3.3 Daemon Server] - 2026-01-10T16:05:25.929Z - Handled json message GET_FILES_IN_DIRECTORY. Handling time: 0. Response time: 0.
Time for '@nx/playwright/plugin:createNodes' 1032.6684
Time for 'GET_FILES_IN_DIRECTORY round trip' 2.6230000000000473
Time for 'deserialize daemon response - GET_FILES_IN_DIRECTORY' 0.011199999999917054
Time for '@nx/eslint/plugin:createNodes' 1207.8951000000002
Time for 'HASH_MULTI_GLOB round trip' 1186.1039999999998
Time for 'deserialize daemon response - HASH_MULTI_GLOB' 0.01069999999981519
Unable to find local plugin [] Map(0) {}
Time for '@nx/eslint/plugin:createNodes' 1241.4103
[NX v22.3.3 Daemon Server] - 2026-01-10T16:05:26.154Z - Time taken for 'build-project-configs' 1373.0488000000003ms
Unable to find local plugin [] Map(0) {}
[NX v22.3.3 Daemon Server] - 2026-01-10T16:05:26.164Z - Time taken for 'build-project-configs' 1399.3505000000002ms
Time for 'build typescript dependencies' 17.559000000000196
[NX v22.3.3 Daemon Server] - 2026-01-10T16:05:26.193Z - [SYNC]: collect registered sync generators
Time for 'build typescript dependencies' 3.8197000000000116
[NX v22.3.3 Daemon Server] - 2026-01-10T16:05:26.203Z - Wrote project graph cache to C:\Users\mariu\WebstormProjects\Sideboard\.nx\workspace-data\project-graph.json
[NX v22.3.3 Daemon Server] - 2026-01-10T16:05:26.204Z - Serializing response for REQUEST_PROJECT_GRAPH message in json mode
[NX v22.3.3 Daemon Server] - 2026-01-10T16:05:26.204Z - Responding to REQUEST_PROJECT_GRAPH message
[NX v22.3.3 Daemon Server] - 2026-01-10T16:05:26.204Z - [REQUEST]: Responding to the client. project-graph
[NX v22.3.3 Daemon Server] - 2026-01-10T16:05:26.205Z - Time taken for 'total for creating and serializing project graph' 2143.4821ms
[NX v22.3.3 Daemon Server] - 2026-01-10T16:05:26.213Z - [SYNC]: collect registered sync generators
[NX v22.3.3 Daemon Server] - 2026-01-10T16:05:26.213Z - [SYNC]: project graph hash is the same, not collecting task sync generators
[NX v22.3.3 Daemon Server] - 2026-01-10T16:05:26.214Z - [SYNC]: nx.json hash is the same, not collecting global sync generators
[NX v22.3.3 Daemon Server] - 2026-01-10T16:05:26.214Z - Time taken for 'total execution time for createProjectGraph()' 52.853000000000065ms
[NX v22.3.3 Daemon Server] - 2026-01-10T16:05:26.214Z - Done responding to the client project-graph
[NX v22.3.3 Daemon Server] - 2026-01-10T16:05:26.214Z - Handled json message REQUEST_PROJECT_GRAPH. Handling time: 2144. Response time: 10.
[NX v22.3.3 Daemon Server] - 2026-01-10T16:05:26.214Z - Received raw message of length 1260
[NX v22.3.3 Daemon Server] - 2026-01-10T16:05:26.215Z - Received json message of type PRE_TASKS_EXECUTION
[NX v22.3.3 Daemon Server] - 2026-01-10T16:05:26.215Z - Serializing response for PRE_TASKS_EXECUTION message in json mode
[NX v22.3.3 Daemon Server] - 2026-01-10T16:05:26.215Z - Responding to PRE_TASKS_EXECUTION message
[NX v22.3.3 Daemon Server] - 2026-01-10T16:05:26.215Z - [REQUEST]: Responding to the client. handleRunPreTasksExecution
[NX v22.3.3 Daemon Server] - 2026-01-10T16:05:26.215Z - Time taken for 'preTasksExecution' 0.7319999999999709ms
[NX v22.3.3 Daemon Server] - 2026-01-10T16:05:26.216Z - Done responding to the client handleRunPreTasksExecution
[NX v22.3.3 Daemon Server] - 2026-01-10T16:05:26.216Z - Handled json message PRE_TASKS_EXECUTION. Handling time: 0. Response time: 1.
[NX v22.3.3 Daemon Server] - 2026-01-10T16:05:26.252Z - Received raw message of length 5703
[NX v22.3.3 Daemon Server] - 2026-01-10T16:05:26.252Z - Received json message of type HASH_TASKS
[NX v22.3.3 Daemon Server] - 2026-01-10T16:05:26.252Z - Reusing in-memory cached project graph because no files changed.
[NX v22.3.3 Daemon Server] - 2026-01-10T16:05:26.261Z - Wrote project graph cache to C:\Users\mariu\WebstormProjects\Sideboard\.nx\workspace-data\project-graph.json
DEBUG nx::native::tasks::hash_planner: get_plans_internal COMPLETED in 4.4455ms - processed 1 tasks (setup: 3.9882ms, parallel_planning: 446.7µs)
DEBUG nx::native::tasks::hashers::hash_workspace_files: Hashing workspace fileset{cache_key="nx.json,.gitignore,.nxignore"}: Adding "16220110815332185737" (".gitignore") to hash
DEBUG nx::native::tasks::hashers::hash_workspace_files: Hashing workspace fileset{cache_key="nx.json,.gitignore,.nxignore"}: Adding "9691923261939552420" ("nx.json") to hash
DEBUG nx::native::tasks::hashers::hash_workspace_files: Hashing workspace fileset{cache_key="nx.json,.gitignore,.nxignore"}: Hash Value: "5666588748370749329"
DEBUG nx::native::tasks::task_hasher: hash_plans COMPLETED in 5.7725ms - processed 1 plans (setup: 270.8µs, hashing: 5.498ms, assembly: 1.8401ms)
[NX v22.3.3 Daemon Server] - 2026-01-10T16:05:26.280Z - Serializing response for HASH_TASKS message in json mode
[NX v22.3.3 Daemon Server] - 2026-01-10T16:05:26.280Z - Responding to HASH_TASKS message
[NX v22.3.3 Daemon Server] - 2026-01-10T16:05:26.281Z - [REQUEST]: Responding to the client. handleHashTasks
[NX v22.3.3 Daemon Server] - 2026-01-10T16:05:26.281Z - Time taken for 'write cache' 8.543099999999868ms
[NX v22.3.3 Daemon Server] - 2026-01-10T16:05:26.281Z - Done responding to the client handleHashTasks
[NX v22.3.3 Daemon Server] - 2026-01-10T16:05:26.281Z - Handled json message HASH_TASKS. Handling time: 28. Response time: 1.
[NX v22.3.3 Daemon Server] - 2026-01-10T16:05:26.302Z - Received raw message of length 88
[NX v22.3.3 Daemon Server] - 2026-01-10T16:05:26.302Z - Received json message of type GET_ESTIMATED_TASK_TIMINGS
[NX v22.3.3 Daemon Server] - 2026-01-10T16:05:26.304Z - Serializing response for GET_ESTIMATED_TASK_TIMINGS message in json mode
[NX v22.3.3 Daemon Server] - 2026-01-10T16:05:26.304Z - Responding to GET_ESTIMATED_TASK_TIMINGS message
[NX v22.3.3 Daemon Server] - 2026-01-10T16:05:26.304Z - [REQUEST]: Responding to the client. handleGetEstimatedTaskTimings
[NX v22.3.3 Daemon Server] - 2026-01-10T16:05:26.304Z - Done responding to the client handleGetEstimatedTaskTimings
[NX v22.3.3 Daemon Server] - 2026-01-10T16:05:26.304Z - Handled json message GET_ESTIMATED_TASK_TIMINGS. Handling time: 2. Response time: 0.
[NX v22.3.3 Daemon Server] - 2026-01-10T16:05:30.909Z - [WATCHER]: Processing file changes in outputs
[NX v22.3.3 Daemon Server] - 2026-01-10T16:05:30.911Z - [WATCHER]: 0 file(s) created or restored, 2 file(s) modified, 0 file(s) deleted
[NX v22.3.3 Daemon Server] - 2026-01-10T16:05:30.911Z - [SYNC]: clearing sync generators cache due to file changes
[NX v22.3.3 Daemon Server] - 2026-01-10T16:05:31.018Z - [REQUEST]: Updated workspace context based on watched changes, recomputing project graph...
[NX v22.3.3 Daemon Server] - 2026-01-10T16:05:31.018Z - [REQUEST]: dist/backend/main.js,dist/backend/main.js.map
[NX v22.3.3 Daemon Server] - 2026-01-10T16:05:31.018Z - [REQUEST]: 
Time for 'daemon-message-serialization-HASH_GLOB' 0.012900000000627188
Time for 'daemon-message-serialization-GLOB' 0.012700000000222644
Time for 'nx/core/project-json:createNodes' 0.6667999999999665
Time for 'daemon-message-serialization-HASH_MULTI_GLOB' 0.011199999999917054
Time for 'daemon-message-serialization-HASH_GLOB' 0.017800000000534055
[NX v22.3.3 Daemon Server] - 2026-01-10T16:05:31.024Z - Received raw message of length 72
[NX v22.3.3 Daemon Server] - 2026-01-10T16:05:31.024Z - Received json message of type HASH_GLOB
Time for 'nx/core/package-json:createNodes' 1.1961999999994077
[NX v22.3.3 Daemon Server] - 2026-01-10T16:05:31.024Z - Serializing response for HASH_GLOB message in json mode
[NX v22.3.3 Daemon Server] - 2026-01-10T16:05:31.025Z - Responding to HASH_GLOB message
[NX v22.3.3 Daemon Server] - 2026-01-10T16:05:31.025Z - [REQUEST]: Responding to the client. handleHashGlob
[NX v22.3.3 Daemon Server] - 2026-01-10T16:05:31.026Z - Received raw message of length 73
[NX v22.3.3 Daemon Server] - 2026-01-10T16:05:31.026Z - Received json message of type GLOB
Time for '@nx/playwright/plugin:createNodes' 5.624699999999393
Time for 'HASH_GLOB round trip' 3.6661999999996624
Time for 'deserialize daemon response - HASH_GLOB' 0.013399999999819556
[NX v22.3.3 Daemon Server] - 2026-01-10T16:05:31.026Z - Serializing response for GLOB message in json mode
[NX v22.3.3 Daemon Server] - 2026-01-10T16:05:31.026Z - Responding to GLOB message
[NX v22.3.3 Daemon Server] - 2026-01-10T16:05:31.026Z - [REQUEST]: Responding to the client. handleGlob
[NX v22.3.3 Daemon Server] - 2026-01-10T16:05:31.026Z - Time taken for 'hash changed files from watcher' 0.5050000000001091ms
Time for 'GLOB round trip' 3.6098000000001775
Time for 'deserialize daemon response - GLOB' 0.016399999999521242
Time for 'daemon-message-serialization-HASH_MULTI_GLOB' 0.01720000000022992
[NX v22.3.3 Daemon Server] - 2026-01-10T16:05:31.027Z - Received raw message of length 67
[NX v22.3.3 Daemon Server] - 2026-01-10T16:05:31.027Z - Received json message of type HASH_GLOB
[NX v22.3.3 Daemon Server] - 2026-01-10T16:05:31.028Z - Serializing response for HASH_GLOB message in json mode
[NX v22.3.3 Daemon Server] - 2026-01-10T16:05:31.028Z - Responding to HASH_GLOB message
[NX v22.3.3 Daemon Server] - 2026-01-10T16:05:31.028Z - [REQUEST]: Responding to the client. handleHashGlob
[NX v22.3.3 Daemon Server] - 2026-01-10T16:05:31.029Z - Received raw message of length 60
[NX v22.3.3 Daemon Server] - 2026-01-10T16:05:31.029Z - Received json message of type HASH_MULTI_GLOB
Time for '@nx/webpack/plugin:createNodes' 6.8740999999999985
Time for 'HASH_GLOB round trip' 4.270800000000236
Time for 'deserialize daemon response - HASH_GLOB' 0.012900000000627188
[NX v22.3.3 Daemon Server] - 2026-01-10T16:05:31.029Z - Serializing response for HASH_GLOB message in json mode
[NX v22.3.3 Daemon Server] - 2026-01-10T16:05:31.029Z - Responding to HASH_GLOB message
[NX v22.3.3 Daemon Server] - 2026-01-10T16:05:31.029Z - [REQUEST]: Responding to the client. handleHashMultiGlob
[NX v22.3.3 Daemon Server] - 2026-01-10T16:05:31.029Z - Done responding to the client handleHashGlob
[NX v22.3.3 Daemon Server] - 2026-01-10T16:05:31.029Z - Handled json message HASH_GLOB. Handling time: 0. Response time: 5.
[NX v22.3.3 Daemon Server] - 2026-01-10T16:05:31.030Z - Done responding to the client handleGlob
[NX v22.3.3 Daemon Server] - 2026-01-10T16:05:31.030Z - Handled json message GLOB. Handling time: 0. Response time: 4.
Time for '@nx/jest/plugin:createNodes' 7.733400000000074
Time for 'HASH_MULTI_GLOB round trip' 5.569600000000719
Time for 'deserialize daemon response - HASH_MULTI_GLOB' 0.009300000000621367
[NX v22.3.3 Daemon Server] - 2026-01-10T16:05:31.030Z - Received raw message of length 586
[NX v22.3.3 Daemon Server] - 2026-01-10T16:05:31.031Z - Received json message of type HASH_MULTI_GLOB
Time for 'nx/js/dependencies-and-lockfile:createNodes' 7.086299999999937
[NX v22.3.3 Daemon Server] - 2026-01-10T16:05:31.032Z - Serializing response for HASH_GLOB message in json mode
[NX v22.3.3 Daemon Server] - 2026-01-10T16:05:31.032Z - Responding to HASH_GLOB message
[NX v22.3.3 Daemon Server] - 2026-01-10T16:05:31.032Z - [REQUEST]: Responding to the client. handleHashMultiGlob
[NX v22.3.3 Daemon Server] - 2026-01-10T16:05:31.032Z - Done responding to the client handleHashGlob
[NX v22.3.3 Daemon Server] - 2026-01-10T16:05:31.032Z - Handled json message HASH_GLOB. Handling time: 1. Response time: 4.
[NX v22.3.3 Daemon Server] - 2026-01-10T16:05:31.032Z - Done responding to the client handleHashMultiGlob
[NX v22.3.3 Daemon Server] - 2026-01-10T16:05:31.032Z - Handled json message HASH_GLOB. Handling time: 0. Response time: 3.
Time for 'HASH_MULTI_GLOB round trip' 5.430699999999888
Time for 'deserialize daemon response - HASH_MULTI_GLOB' 0.011700000000018917
[NX v22.3.3 Daemon Server] - 2026-01-10T16:05:31.035Z - Done responding to the client handleHashMultiGlob
[NX v22.3.3 Daemon Server] - 2026-01-10T16:05:31.035Z - Handled json message HASH_GLOB. Handling time: 1. Response time: 3.
Time for '@nx/eslint/plugin:createNodes' 28.726799999999457
Unable to find local plugin [] Map(0) {}
[NX v22.3.3 Daemon Server] - 2026-01-10T16:05:31.058Z - Time taken for 'build-project-configs' 33.233000000000175ms
Time for 'build typescript dependencies' 2.4611000000004424
[NX v22.3.3 Daemon Server] - 2026-01-10T16:05:31.076Z - [SYNC]: collect registered sync generators
[NX v22.3.3 Daemon Server] - 2026-01-10T16:05:31.077Z - [SYNC]: project graph hash is the same, not collecting task sync generators
[NX v22.3.3 Daemon Server] - 2026-01-10T16:05:31.077Z - [SYNC]: nx.json hash is the same, not collecting global sync generators
[NX v22.3.3 Daemon Server] - 2026-01-10T16:05:31.077Z - Time taken for 'total execution time for createProjectGraph()' 17.8770999999997ms
[NX v22.3.3 Daemon Server] - 2026-01-10T16:05:31.148Z - [NX-CONSOLE]: Successfully pulled latest Nx to C:\Users\mariu\AppData\Local\Temp\tmp-80768-XDzSyp3cYPlB
[NX v22.3.3 Daemon Server] - 2026-01-10T16:05:34.769Z - [NX-CONSOLE]: Using local implementation (NX_USE_LOCAL=true or inner call)
DEBUG nx::native::ide::install: Detected editor: Unknown
[NX v22.3.3 Daemon Server] - 2026-01-10T16:05:34.769Z - [NX-CONSOLE]: Console status check completed, shouldPrompt: false
